RS;GEBIET;EINK_JE_EINW;ANTEIL_ARBEITSLOSE;ANTEIL_ARBEITSLOSE_ALTER_15_24;ANTEIL_ARBEITSLOSE_ALTER_55_64;ANTEIL_LANGZEITARBEITSLOSE;ANTEIL_ARBEITSLOSE_AUSLAENDER;ANZAHL_BEANTR_VERFAHREN;ANZAHL_EROEFFNETE_VERFAHREN;ANZAHL_ABGEW_VERFAHREN;ANZAHL_BEANTR_VERFAHREN_MIT_SCHULDPLAN;ANZAHL_BESCHAEFTIGTE;FORDERUNGEN_TSD_EURO;ANTEIL_SIEDLUNG_VERKEHR;ANTEIL_ERHOLUNGSFLAECHE;ANTEIL_LANDWIRTSCHAFTSFLAECHE;ANTEIL_WALDFLAECHE
000000000000;Deutschland;20035.0;7.1;9.4;18.2;35.5;15.8;159418.0;145702.0;11798.0;1918.0;140339.0;31544350.0;13.5;1.2;51.9;30.5
010000000000;Schleswig-Holstein;20122.0;7.2;10.7;16.5;32.2;10.6;6803.0;6368.0;382.0;53.0;9330.0;1037640.0;12.7;1.1;70.0;10.5
010010000000;Flensburg, Kreisfreie Stadt;18079.0;11.8;12.0;12.9;30.7;10.2;323.0;292.0;26.0;5.0;277.0;60950.0;51.8;3.5;26.8;6.1
010020000000;Kiel, Landeshauptstadt, Kreisfreie Stadt;17528.0;11.0;8.4;12.1;36.0;16.1;695.0;663.0;27.0;5.0;574.0;64162.0;53.9;5.9;30.0;5.8
010030000000;Lübeck, Hansestadt, Kreisfreie Stadt;17851.0;11.0;11.2;13.7;36.9;14.3;644.0;616.0;26.0;2.0;319.0;121846.0;36.6;5.5;32.7;14.4
010040000000;Neumünster, Kreisfreie Stadt;16866.0;11.2;12.3;13.6;34.4;13.6;270.0;260.0;9.0;1.0;395.0;40913.0;49.7;5.3;42.6;4.5
010510000000;Dithmarschen, Landkreis;18912.0;8.4;13.6;14.9;24.1;5.2;403.0;383.0;17.0;3.0;203.0;49272.0;10.9;0.5;76.5;3.7
010530000000;Herzogtum Lauenburg, Landkreis;21299.0;6.2;11.9;16.0;33.4;11.9;414.0;358.0;48.0;8.0;317.0;47115.0;11.2;0.9;58.3;25.6
010540000000;Nordfriesland, Landkreis;21211.0;7.5;11.2;17.9;35.5;5.4;392.0;367.0;19.0;6.0;105.0;36579.0;10.4;0.7;77.1;4.2
010550000000;Ostholstein, Landkreis;20114.0;7.0;9.6;18.9;28.4;6.5;541.0;495.0;36.0;10.0;71.0;90171.0;11.5;1.6;72.3;10.2
010560000000;Pinneberg, Landkreis;22458.0;5.6;10.0;17.0;26.9;17.2;617.0;563.0;45.0;9.0;286.0;117735.0;21.2;2.3;62.1;8.8
010570000000;Plön, Landkreis;19873.0;6.2;9.6;19.1;29.6;5.7;262.0;252.0;10.0;0.0;151.0;40161.0;9.3;1.1;68.5;11.3
010580000000;Rendsburg-Eckernförde, Landkreis;20324.0;5.6;11.6;18.8;27.0;6.4;543.0;519.0;22.0;2.0;263.0;51195.0;11.0;0.9;72.3;11.4
010590000000;Schleswig-Flensburg, Landkreis;19213.0;8.5;11.2;18.9;46.7;5.4;426.0;397.0;27.0;2.0;349.0;58471.0;10.6;0.6;75.7;6.8
010600000000;Segeberg, Landkreis;20600.0;5.0;10.2;20.2;27.1;10.1;560.0;522.0;38.0;0.0;555.0;146496.0;13.1;1.2;66.5;17.4
010610000000;Steinburg, Landkreis;19231.0;6.1;11.4;19.5;24.4;6.3;331.0;315.0;16.0;0.0;219.0;42036.0;10.9;0.6;72.7;9.4
010620000000;Stormarn, Landkreis;23289.0;4.1;9.1;20.7;29.1;11.8;382.0;366.0;16.0;0.0;5246.0;70537.0;17.0;1.5;66.6;13.7
020000000000;Hamburg;22695.0;7.8;7.4;14.0;28.4;24.5;4503.0;4295.0;198.0;10.0;2731.0;917993.0;59.7;7.7;24.5;6.4
030000000000;Niedersachsen;19067.0;6.9;9.8;16.9;31.6;13.2;19686.0;18405.0;1085.0;196.0;11410.0;2480141.0;13.7;0.9;60.2;21.8
031010000000;Braunschweig, Kreisfreie Stadt;19398.0;8.1;7.4;16.3;35.3;15.7;643.0;604.0;26.0;13.0;205.0;78558.0;46.5;7.1;37.2;13.2
031020000000;Salzgitter, Kreisfreie Stadt;18114.0;9.2;8.1;16.4;32.5;17.0;334.0;321.0;6.0;7.0;34.0;40120.0;28.5;3.4;50.8;17.5
031030000000;Wolfsburg, Kreisfreie Stadt;20973.0;5.7;10.6;14.9;33.9;17.6;211.0;207.0;2.0;2.0;108.0;14173.0;31.0;4.2;42.1;23.7
031510000000;Gifhorn, Landkreis;19939.0;5.8;11.1;16.9;33.5;10.8;329.0;310.0;10.0;9.0;70.0;28815.0;10.6;0.6;52.0;33.8
031530000000;Goslar, Landkreis;18436.0;9.4;8.5;17.9;36.7;8.7;382.0;342.0;34.0;6.0;233.0;49776.0;10.8;1.0;28.4;58.2
031540000000;Helmstedt, Landkreis;19847.0;8.0;9.5;15.8;41.1;8.6;356.0;347.0;8.0;1.0;12.0;24325.0;12.1;0.9;59.4;24.6
031550000000;Northeim, Landkreis;18791.0;7.3;10.7;18.7;29.9;8.6;365.0;346.0;19.0;0.0;171.0;60981.0;11.5;0.9;48.4;38.8
031570000000;Peine, Landkreis;18908.0;6.5;9.9;16.6;34.6;9.2;281.0;265.0;9.0;7.0;220.0;64855.0;17.8;1.6;69.2;10.3
031580000000;Wolfenbüttel, Landkreis;19096.0;6.7;8.9;19.3;36.1;9.4;260.0;240.0;18.0;2.0;46.0;20271.0;12.0;1.2;67.3;19.2
032410000000;Region Hannover, Landkreis;19422.0;8.6;9.2;15.2;16.3;23.2;3495.0;3289.0;181.0;25.0;1551.0;324683.0;22.1;2.5;53.8;19.8
032510000000;Diepholz, Landkreis;20248.0;4.5;11.3;18.1;27.6;9.4;409.0;377.0;31.0;1.0;555.0;95700.0;12.5;0.6;74.6;10.0
032520000000;Hameln-Pyrmont, Landkreis;19111.0;8.2;10.5;16.1;35.4;15.2;521.0;479.0;29.0;13.0;135.0;49383.0;14.2;1.4;52.0;32.0
032540000000;Hildesheim, Landkreis;18529.0;8.1;9.7;16.5;42.8;11.9;755.0;727.0;28.0;0.0;729.0;122440.0;15.3;1.5;58.2;24.3
032550000000;Holzminden, Landkreis;18525.0;8.2;9.9;19.0;33.9;8.3;261.0;253.0;7.0;1.0;51.0;17072.0;10.7;1.0;41.9;45.6
032560000000;Nienburg (Weser), Landkreis;18340.0;6.0;11.0;19.7;30.2;10.2;308.0;291.0;17.0;0.0;101.0;24487.0;11.3;0.5;66.6;17.9
032570000000;Schaumburg, Landkreis;19086.0;7.9;11.1;18.8;37.0;13.7;442.0;395.0;41.0;6.0;313.0;54682.0;17.6;1.1;54.3;25.8
033510000000;Celle, Landkreis;18201.0;8.2;12.0;16.5;36.5;11.2;614.0;588.0;26.0;0.0;140.0;67257.0;11.4;0.7;38.1;45.0
033520000000;Cuxhaven, Landkreis;19035.0;6.3;11.2;17.9;32.5;9.3;456.0;438.0;17.0;1.0;206.0;47767.0;11.0;0.6;76.1;8.6
033530000000;Harburg, Landkreis;23018.0;5.0;10.0;20.1;31.9;12.0;372.0;330.0;35.0;7.0;496.0;93794.0;16.2;1.2;52.5;28.5
033540000000;Lüchow-Dannenberg, Landkreis;17725.0;10.4;10.1;15.9;39.2;5.9;75.0;69.0;3.0;3.0;35.0;7911.0;8.1;0.3;52.0;37.1
033550000000;Lüneburg, Landkreis;18445.0;6.4;9.6;14.6;29.6;9.1;427.0;398.0;25.0;4.0;66.0;32707.0;11.4;1.1;51.5;31.2
033560000000;Osterholz, Landkreis;19739.0;4.4;8.2;19.5;34.4;11.0;276.0;244.0;30.0;2.0;188.0;39955.0;15.2;0.9;68.1;11.7
033570000000;Rotenburg (Wümme), Landkreis;19187.0;4.8;10.8;17.2;30.5;7.0;376.0;356.0;16.0;4.0;111.0;41313.0;10.7;0.5;71.9;15.6
033580000000;Heidekreis, Landkreis;18372.0;7.2;13.6;16.2;36.9;10.0;322.0;307.0;15.0;0.0;211.0;27894.0;9.3;0.6;42.0;32.2
033590000000;Stade, Landkreis;20044.0;6.5;10.3;17.6;36.4;9.1;367.0;347.0;16.0;4.0;58.0;52166.0;12.0;0.6;72.9;7.1
033600000000;Uelzen, Landkreis;18437.0;7.5;10.5;16.6;27.5;6.2;206.0;188.0;6.0;12.0;53.0;15130.0;8.7;0.4;53.1;33.5
033610000000;Verden, Landkreis;21315.0;5.5;6.6;20.1;47.0;13.4;274.0;243.0;30.0;1.0;141.0;48394.0;14.8;0.8;69.2;13.0
034010000000;Delmenhorst, Kreisfreie Stadt;17664.0;10.2;9.3;15.8;39.0;19.4;355.0;333.0;19.0;3.0;122.0;32768.0;48.1;3.1;45.2;3.0
034020000000;Emden, Kreisfreie Stadt;17061.0;9.8;10.8;15.9;36.8;7.0;150.0;143.0;6.0;1.0;76.0;6852.0;27.1;1.6;59.1;1.2
034030000000;Oldenburg (Oldenburg), Kreisfreie Stadt;18192.0;8.6;10.8;14.4;36.8;13.3;456.0;419.0;34.0;3.0;425.0;42685.0;58.7;4.9;30.5;4.9
034040000000;Osnabrück, Kreisfreie Stadt;19753.0;8.2;8.5;17.2;36.8;21.3;442.0;409.0;27.0;6.0;174.0;30095.0;49.5;4.2;31.7;16.6
034050000000;Wilhelmshaven, Kreisfreie Stadt;16054.0;12.8;8.0;13.9;41.7;8.7;318.0;309.0;9.0;0.0;153.0;28234.0;44.1;4.4;38.1;11.4
034510000000;Ammerland, Landkreis;19712.0;4.9;8.6;20.0;31.9;7.0;269.0;243.0;23.0;3.0;301.0;68573.0;16.7;1.1;69.6;10.5
034520000000;Aurich, Landkreis;17306.0;7.8;9.9;16.4;32.0;5.8;429.0;414.0;9.0;6.0;248.0;133300.0;14.2;0.9;75.0;3.9
034530000000;Cloppenburg, Landkreis;18144.0;5.4;10.2;19.3;29.8;8.7;269.0;252.0;17.0;0.0;126.0;22436.0;13.6;0.6;69.9;12.7
034540000000;Emsland, Landkreis;18233.0;3.7;11.9;19.8;26.2;7.4;667.0;603.0;63.0;1.0;625.0;106258.0;13.2;0.6;64.3;17.5
034550000000;Friesland, Landkreis;17888.0;6.4;9.5;17.7;32.6;6.5;242.0;230.0;12.0;0.0;225.0;18454.0;15.4;1.1;73.4;7.0
034560000000;Grafschaft Bentheim, Landkreis;17264.0;4.6;7.4;21.5;42.1;15.8;189.0;168.0;13.0;8.0;489.0;38991.0;13.8;0.8;66.4;15.7
034570000000;Leer, Landkreis;16470.0;7.4;12.4;15.4;35.0;6.3;504.0;478.0;26.0;0.0;130.0;37204.0;14.5;0.5;73.6;2.8
034580000000;Oldenburg, Landkreis;20190.0;4.7;10.5;17.3;30.3;8.8;260.0;226.0;33.0;1.0;665.0;83580.0;14.0;0.8;64.7;18.7
034590000000;Osnabrück, Landkreis;19771.0;4.1;8.2;21.8;29.9;10.3;768.0;684.0;54.0;30.0;661.0;89648.0;14.5;0.7;62.9;20.2
034600000000;Vechta, Landkreis;20311.0;3.6;13.0;17.2;23.6;17.7;265.0;241.0;23.0;1.0;202.0;46020.0;16.3;0.9;67.3;13.1
034610000000;Wesermarsch, Landkreis;18651.0;7.4;11.6;14.2;41.8;10.2;213.0;204.0;9.0;0.0;64.0;15481.0;11.5;0.6;81.4;1.5
034620000000;Wittmund, Landkreis;17805.0;7.1;9.8;17.8;26.3;4.7;118.0;115.0;2.0;1.0;164.0;45975.0;10.6;0.4;76.9;5.9
040000000000;Bremen;19102.0;11.6;9.3;13.3;42.4;21.6;2161.0;2027.0;125.0;9.0;185.0;742379.0;55.6;8.1;28.7;1.9
040110000000;Bremen, Kreisfreie Stadt;19475.0;10.6;8.8;13.4;42.0;23.5;1840.0;1732.0;101.0;7.0;59.0;717955.0;58.3;8.4;31.1;1.5
040120000000;Bremerhaven, Kreisfreie Stadt;17266.0;16.3;10.8;13.1;43.7;15.3;321.0;295.0;24.0;2.0;126.0;24423.0;45.9;7.0;20.6;3.4
050000000000;Nordrhein-Westfalen;19968.0;8.1;9.5;16.2;42.7;21.0;38625.0;34984.0;3209.0;432.0;48148.0;8905430.0;22.6;1.9;49.0;25.7
051110000000;Düsseldorf, Kreisfreie Stadt;23324.0;9.0;5.6;15.4;46.9;30.8;1517.0;1340.0;140.0;37.0;5522.0;580556.0;59.6;8.0;21.2;11.4
051120000000;Duisburg, Kreisfreie Stadt;15720.0;13.1;8.9;13.8;46.0;27.2;1183.0;1061.0;118.0;4.0;1035.0;139827.0;61.2;7.3;18.6;8.4
051130000000;Essen, Kreisfreie Stadt;19151.0;12.0;9.2;14.8;44.6;22.1;1497.0;1345.0;144.0;8.0;1376.0;341959.0;67.6;11.1;16.0;13.4
051140000000;Krefeld, Kreisfreie Stadt;19769.0;10.6;7.8;16.2;42.2;19.8;527.0;488.0;35.0;4.0;485.0;117893.0;55.5;8.6;31.5;9.5
051160000000;Mönchengladbach, Kreisfreie Stadt;19532.0;11.1;10.9;14.2;36.9;19.5;881.0;809.0;65.0;7.0;1207.0;137642.0;49.1;5.6;39.0;10.2
051170000000;Mülheim an der Ruhr, Kreisfreie Stadt;21502.0;8.4;3.4;20.8;55.7;28.4;300.0;267.0;32.0;1.0;610.0;104762.0;55.6;7.4;23.0;19.1
051190000000;Oberhausen, Kreisfreie Stadt;16804.0;11.6;10.0;14.4;50.3;22.8;759.0;712.0;47.0;0.0;210.0;146793.0;75.6;10.8;9.0;13.0
051200000000;Remscheid, Kreisfreie Stadt;20612.0;8.6;9.1;16.9;48.8;26.0;273.0;253.0;17.0;3.0;115.0;37537.0;43.9;4.7;23.3;31.0
051220000000;Solingen, Kreisfreie Stadt;22059.0;8.0;10.3;17.2;44.8;26.8;353.0;334.0;15.0;4.0;131.0;58372.0;48.4;5.2;24.5;25.6
051240000000;Wuppertal, Kreisfreie Stadt;19702.0;10.9;10.5;13.6;43.9;27.1;942.0;871.0;68.0;3.0;414.0;204997.0;49.0;7.0;20.6;28.1
051540000000;Kleve, Kreis;18468.0;5.3;11.5;21.3;37.3;12.8;599.0;555.0;43.0;1.0;544.0;85148.0;16.3;1.3;64.6;14.2
051580000000;Mettmann, Kreis;22944.0;6.6;8.2;17.8;45.9;22.2;987.0;913.0;54.0;20.0;1025.0;246350.0;39.8;5.5;38.0;18.8
051620000000;Rhein-Kreis Neuss;22337.0;6.3;8.5;18.8;38.9;20.5;769.0;692.0;55.0;22.0;826.0;114104.0;30.9;3.4;53.6;7.3
051660000000;Viersen, Kreis;20444.0;7.0;10.3;18.9;37.9;13.8;660.0;616.0;40.0;4.0;496.0;200921.0;25.5;2.0;53.2;19.0
051700000000;Wesel, Kreis;19391.0;7.2;10.7;15.3;39.0;15.0;952.0;894.0;55.0;3.0;1483.0;184992.0;21.8;2.1;54.8;17.3
053140000000;Bonn, Kreisfreie Stadt;21971.0;6.6;8.8;13.9;40.8;25.0;663.0;621.0;41.0;1.0;552.0;65090.0;50.4;4.2;16.3;28.0
053150000000;Köln, Kreisfreie Stadt;20130.0;9.6;8.0;13.7;44.7;31.0;2753.0;2510.0;225.0;18.0;2897.0;577533.0;60.6;10.3;17.5;16.1
053160000000;Leverkusen, Kreisfreie Stadt;18996.0;7.7;12.3;16.9;36.1;24.7;392.0;368.0;22.0;2.0;220.0;640929.0;59.4;7.7;24.3;11.3
053340000000;Städteregion Aachen (einschl. Stadt Aachen);18587.0;9.0;9.5;14.6;43.4;23.0;1105.0;1038.0;63.0;4.0;790.0;125122.0;27.4;1.8;38.9;30.9
053580000000;Düren, Kreis;18872.0;8.0;12.9;13.0;42.9;15.5;595.0;566.0;26.0;3.0;597.0;79805.0;16.3;1.4;56.9;21.1
053620000000;Rhein-Erft-Kreis;20370.0;7.7;10.5;17.8;44.4;20.6;958.0;860.0;94.0;4.0;588.0;139211.0;27.0;2.5;52.9;13.6
053660000000;Euskirchen, Kreis;19143.0;6.4;11.5;19.1;36.8;9.8;412.0;388.0;23.0;1.0;139.0;47755.0;13.3;1.0;47.1;38.1
053700000000;Heinsberg, Kreis;17672.0;7.6;12.7;16.4;42.2;12.4;593.0;536.0;39.0;18.0;586.0;75434.0;22.9;1.5;64.4;10.9
053740000000;Oberbergischer Kreis;20653.0;6.3;10.8;19.3;39.8;15.0;668.0;608.0;48.0;12.0;645.0;103756.0;19.5;1.1;38.8;39.4
053780000000;Rheinisch-Bergischer Kreis;23064.0;6.2;9.1;19.8;44.4;18.7;469.0;415.0;46.0;8.0;374.0;80246.0;24.3;1.6;37.0;36.6
053820000000;Rhein-Sieg-Kreis;21218.0;5.5;11.7;17.6;34.5;18.8;1047.0;988.0;55.0;4.0;1258.0;827928.0;23.2;1.4;44.4;29.7
055120000000;Bottrop, Kreisfreie Stadt;17893.0;8.5;11.3;14.1;39.1;18.5;286.0;257.0;29.0;0.0;569.0;71595.0;43.9;5.6;29.2;22.9
055130000000;Gelsenkirchen, Kreisfreie Stadt;15259.0;14.2;10.3;12.8;45.8;23.2;1000.0;909.0;73.0;18.0;594.0;307709.0;74.6;9.9;14.3;7.8
055150000000;Münster, Kreisfreie Stadt;21654.0;5.9;9.0;14.7;33.1;17.3;433.0;375.0;41.0;17.0;268.0;126649.0;33.0;4.2;46.3;17.5
055540000000;Borken, Kreis;19202.0;4.2;10.9;20.7;40.9;12.5;542.0;448.0;53.0;41.0;830.0;86699.0;16.9;1.0;66.4;14.8
055580000000;Coesfeld, Kreis;20691.0;3.2;12.3;21.7;28.2;9.1;310.0;272.0;26.0;12.0;484.0;48224.0;13.6;1.0;68.5;15.9
055620000000;Recklinghausen, Kreis;18013.0;10.7;10.5;15.1;48.7;18.3;1005.0;847.0;137.0;21.0;1363.0;165300.0;32.5;2.7;38.0;25.4
055660000000;Steinfurt, Kreis;19131.0;4.6;11.5;18.4;30.7;14.9;596.0;516.0;64.0;16.0;1489.0;110246.0;17.0;0.8;66.4;14.2
055700000000;Warendorf, Kreis;20665.0;5.4;10.5;17.8;38.1;18.3;424.0;362.0;53.0;9.0;898.0;85327.0;14.2;1.1;70.7;12.9
057110000000;Bielefeld, Kreisfreie Stadt;20136.0;9.4;9.9;14.1;39.3;26.8;1026.0;951.0;67.0;8.0;625.0;72293.0;42.0;4.4;35.7;21.4
057540000000;Gütersloh, Kreis;22034.0;4.7;11.0;17.8;33.4;19.3;579.0;486.0;77.0;16.0;905.0;113079.0;21.2;1.5;62.8;13.7
057580000000;Herford, Kreis;20754.0;6.2;10.8;18.8;37.5;16.0;527.0;462.0;55.0;10.0;929.0;127889.0;29.7;1.1;60.3;8.5
057620000000;Höxter, Kreis;18520.0;5.5;11.1;19.9;32.6;7.3;200.0;179.0;21.0;0.0;677.0;86488.0;10.4;0.5;58.9;29.4
057660000000;Lippe, Kreis;21116.0;7.4;11.1;18.2;41.8;14.2;557.0;485.0;72.0;0.0;1030.0;169583.0;16.7;1.6;51.6;30.4
057700000000;Minden-Lübbecke, Kreis;20237.0;6.2;8.4;18.8;41.0;12.3;563.0;506.0;47.0;10.0;329.0;60162.0;19.6;0.8;65.2;11.5
057740000000;Paderborn, Kreis;18821.0;6.7;10.3;16.7;39.3;13.9;394.0;345.0;42.0;7.0;801.0;106519.0;15.5;1.5;53.5;29.4
059110000000;Bochum, Kreisfreie Stadt;18217.0;9.9;8.5;14.9;40.9;18.8;934.0;818.0;111.0;5.0;812.0;107648.0;70.6;9.5;20.7;7.2
059130000000;Dortmund, Kreisfreie Stadt;17370.0;12.8;8.7;15.5;46.0;24.3;1543.0;1408.0;128.0;7.0;1256.0;306565.0;59.1;4.3;25.9;13.9
059140000000;Hagen, Kreisfreie Stadt;18742.0;10.3;9.2;15.1;43.7;26.2;435.0;400.0;34.0;1.0;285.0;66301.0;34.8;2.7;19.5;42.1
059150000000;Hamm, Kreisfreie Stadt;16561.0;10.3;8.3;19.4;60.3;22.7;540.0;511.0;25.0;4.0;898.0;174099.0;32.5;2.4;54.9;8.9
059160000000;Herne, Kreisfreie Stadt;16687.0;12.7;9.2;13.5;43.4;22.6;466.0;433.0;31.0;2.0;515.0;53841.0;77.0;9.2;12.4;5.9
059540000000;Ennepe-Ruhr-Kreis;22634.0;7.3;7.1;19.4;41.2;16.4;688.0;634.0;54.0;0.0;532.0;100890.0;28.6;1.7;39.0;30.1
059580000000;Hochsauerlandkreis;21038.0;5.0;9.4;20.1;40.9;13.0;407.0;342.0;57.0;8.0;3458.0;467062.0;11.8;0.6;31.0;55.8
059620000000;Märkischer Kreis;22892.0;6.8;7.9;19.5;39.3;20.2;1241.0;1124.0;115.0;2.0;1359.0;155876.0;16.8;0.7;31.8;49.6
059660000000;Olpe, Kreis;25350.0;4.3;10.8;18.4;38.0;17.2;224.0;216.0;3.0;5.0;1221.0;48323.0;14.7;0.8;23.7;59.4
059700000000;Siegen-Wittgenstein, Kreis;21892.0;5.8;11.4;19.2;38.7;15.3;378.0;340.0;30.0;8.0;665.0;60304.0;15.8;0.6;18.7;64.7
059740000000;Soest, Kreis;19888.0;6.5;8.9;19.3;41.3;13.6;548.0;478.0;64.0;6.0;478.0;57205.0;15.1;1.0;62.3;19.9
059780000000;Unna, Kreis;18770.0;9.4;8.9;15.5;46.1;16.1;925.0;832.0;90.0;3.0;753.0;104892.0;31.0;1.8;54.6;12.3
060000000000;Hessen;20681.0;5.9;9.6;17.9;38.0;25.2;11350.0;10401.0;749.0;200.0;6426.0;2381187.0;15.5;1.0;42.1;40.1
064110000000;Darmstadt, Kreisfreie Stadt;20245.0;6.0;9.1;14.5;33.0;30.7;322.0;296.0;25.0;1.0;275.0;81774.0;34.9;3.8;18.6;44.9
064120000000;Frankfurt am Main, Kreisfreie Stadt;20492.0;7.5;8.2;15.8;34.4;39.2;1613.0;1476.0;126.0;11.0;431.0;342253.0;57.9;6.6;24.3;15.3
064130000000;Offenbach am Main, Kreisfreie Stadt;17345.0;10.7;7.7;15.0;34.8;47.1;521.0;468.0;47.0;6.0;33.0;45367.0;49.1;5.6;14.1;33.3
064140000000;Wiesbaden, Landeshauptstadt, Kreisfreie Stadt;21442.0;7.3;11.1;12.7;32.5;29.5;718.0;669.0;31.0;18.0;203.0;250712.0;38.9;6.1;29.8;27.7
064310000000;Bergstraße, Landkreis;21080.0;4.8;7.0;15.7;46.6;21.5;427.0;376.0;46.0;5.0;225.0;69045.0;16.0;0.9;40.8;40.1
064320000000;Darmstadt-Dieburg, Landkreis;21998.0;5.0;10.3;18.9;46.1;24.8;441.0;412.0;25.0;4.0;171.0;88601.0;18.6;1.0;44.1;35.1
064330000000;Groß-Gerau, Landkreis;19475.0;5.4;9.7;14.7;39.5;36.5;422.0;377.0;39.0;6.0;160.0;75112.0;22.6;1.5;46.4;24.3
064340000000;Hochtaunuskreis;28596.0;4.0;8.2;22.6;43.5;28.0;326.0;293.0;32.0;1.0;164.0;131617.0;19.0;1.3;29.6;50.3
064350000000;Main-Kinzig-Kreis;20862.0;5.4;10.5;17.4;37.3;23.3;604.0;568.0;33.0;3.0;901.0;161492.0;15.6;1.0;39.0;43.3
064360000000;Main-Taunus-Kreis;24958.0;4.5;6.7;21.5;40.7;28.3;194.0;178.0;16.0;0.0;123.0;50489.0;31.7;2.9;41.9;24.3
064370000000;Odenwaldkreis;19129.0;5.9;11.1;20.2;56.2;22.9;265.0;252.0;12.0;1.0;143.0;31267.0;10.4;0.4;32.6;56.1
064380000000;Offenbach, Landkreis;22048.0;6.1;8.2;19.5;43.3;34.3;716.0;644.0;67.0;5.0;194.0;122426.0;28.9;1.9;24.0;44.4
064390000000;Rheingau-Taunus-Kreis;22347.0;4.6;8.4;22.0;48.6;22.0;264.0;243.0;17.0;4.0;38.0;42916.0;13.1;1.0;29.0;55.7
064400000000;Wetteraukreis;21112.0;4.9;10.2;20.6;32.6;19.9;597.0;543.0;35.0;19.0;342.0;152066.0;15.2;0.8;53.5;29.3
065310000000;Gießen, Landkreis;18846.0;7.0;9.7;17.1;44.5;17.4;349.0;275.0;25.0;49.0;233.0;118257.0;17.9;1.1;45.1;35.1
065320000000;Lahn-Dill-Kreis;20468.0;6.0;10.4;19.3;40.8;19.3;583.0;563.0;18.0;2.0;523.0;100136.0;16.6;0.8;34.1;47.4
065330000000;Limburg-Weilburg, Landkreis;19523.0;5.8;10.8;15.2;33.1;21.7;253.0;232.0;20.0;1.0;278.0;59457.0;17.1;0.9;46.0;34.4
065340000000;Marburg-Biedenkopf, Landkreis;18475.0;5.0;10.9;16.0;37.0;16.1;432.0;406.0;19.0;7.0;382.0;66843.0;13.8;0.6;43.6;40.9
065350000000;Vogelsbergkreis;19167.0;5.0;9.6;21.6;35.0;7.6;179.0;144.0;10.0;25.0;256.0;24193.0;10.3;0.4;49.1;39.0
066110000000;Kassel, Kreisfreie Stadt;17865.0;10.2;11.1;16.4;38.8;23.5;501.0;469.0;28.0;4.0;124.0;45721.0;59.9;11.0;15.4;21.7
066310000000;Fulda, Landkreis;19607.0;4.0;10.0;21.6;31.3;11.3;246.0;224.0;9.0;13.0;339.0;131753.0;13.9;0.7;48.7;35.1
066320000000;Hersfeld-Rotenburg, Landkreis;18845.0;4.9;10.5;23.4;39.6;9.6;256.0;243.0;12.0;1.0;227.0;27252.0;12.1;0.4;40.7;45.6
066330000000;Kassel, Landkreis;20016.0;5.0;11.0;22.1;35.2;10.3;349.0;324.0;21.0;4.0;284.0;48093.0;13.8;0.8;45.0;39.4
066340000000;Schwalm-Eder-Kreis;18938.0;5.1;10.9;20.9;27.9;9.7;293.0;277.0;13.0;3.0;112.0;31912.0;12.0;0.4;49.3;35.3
066350000000;Waldeck-Frankenberg, Landkreis;19259.0;5.1;10.7;20.4;30.4;9.5;279.0;261.0;11.0;7.0;194.0;57579.0;9.9;0.5;42.3;45.6
066360000000;Werra-Meißner-Kreis;18097.0;6.8;10.1;20.3;33.5;6.6;200.0;188.0;12.0;0.0;71.0;24855.0;11.3;0.5;42.8;43.4
070000000000;Rheinland-Pfalz;20389.0;5.3;10.8;18.3;32.0;15.1;7329.0;6693.0;534.0;102.0;4466.0;1118682.0;14.2;1.7;41.8;42.0
071110000000;Koblenz, Kreisfreie Stadt;19638.0;6.6;9.7;15.9;31.2;18.6;249.0;232.0;17.0;0.0;152.0;26338.0;36.2;4.9;23.8;33.8
071310000000;Ahrweiler, Landkreis;21056.0;4.1;11.2;19.6;27.0;13.8;267.0;218.0;47.0;2.0;107.0;37867.0;13.6;1.6;32.3;51.9
071320000000;Altenkirchen (Westerwald), Landkreis;19132.0;5.4;9.4;20.2;34.3;9.5;314.0;279.0;34.0;1.0;112.0;36622.0;15.7;1.3;31.4;51.8
071330000000;Bad Kreuznach, Landkreis;19893.0;6.6;10.7;18.4;36.9;14.8;368.0;337.0;18.0;13.0;301.0;46673.0;13.9;1.6;45.1;39.2
071340000000;Birkenfeld, Landkreis;19563.0;6.4;11.7;18.2;34.4;7.1;129.0;113.0;15.0;1.0;704.0;56549.0;11.2;1.2;33.4;54.5
071350000000;Cochem-Zell, Landkreis;19893.0;3.9;11.4;22.4;27.0;7.3;94.0;91.0;3.0;0.0;39.0;16495.0;11.3;1.4;37.4;49.3
071370000000;Mayen-Koblenz, Landkreis;20165.0;5.0;11.0;18.1;29.8;11.2;387.0;350.0;36.0;1.0;263.0;42871.0;16.9;1.6;48.4;31.3
071380000000;Neuwied, Landkreis;20844.0;5.7;10.9;19.2;30.3;16.1;362.0;335.0;23.0;4.0;152.0;48865.0;18.5;2.1;33.3;45.5
071400000000;Rhein-Hunsrück-Kreis;20381.0;4.3;9.9;21.9;31.9;9.3;164.0;152.0;11.0;1.0;81.0;53390.0;12.0;1.1;41.5;45.5
071410000000;Rhein-Lahn-Kreis;20169.0;4.3;6.7;19.0;26.5;12.7;266.0;250.0;15.0;1.0;140.0;38396.0;12.1;1.4;38.6;46.8
071430000000;Westerwaldkreis;21830.0;4.2;12.6;18.2;25.9;12.6;356.0;334.0;21.0;1.0;211.0;60660.0;16.3;1.7;38.4;42.6
072110000000;Trier, Kreisfreie Stadt;18736.0;5.8;12.2;16.4;26.0;12.2;243.0;205.0;21.0;17.0;127.0;21690.0;31.3;5.3;21.4;43.4
072310000000;Bernkastel-Wittlich, Landkreis;21615.0;3.5;12.7;22.2;20.5;11.0;185.0;159.0;24.0;2.0;105.0;29721.0;11.1;1.3;37.0;50.0
072320000000;Eifelkreis Bitburg-Prüm;19206.0;3.0;14.0;18.3;21.3;8.3;91.0;85.0;6.0;0.0;73.0;17240.0;9.6;1.2;53.6;35.9
072330000000;Vulkaneifel, Landkreis;19120.0;4.4;11.0;24.0;37.9;5.3;82.0;68.0;7.0;7.0;55.0;9399.0;11.1;1.5;42.4;45.1
072350000000;Trier-Saarburg, Landkreis;20019.0;3.3;13.8;20.1;24.1;9.4;191.0;172.0;9.0;10.0;55.0;23041.0;12.5;2.4;38.4;47.5
073110000000;Frankenthal (Pfalz), Kreisfreie Stadt;19515.0;7.2;11.3;14.2;35.7;22.9;129.0;125.0;2.0;2.0;33.599999999999994;12292.0;35.6;4.4;60.0;1.9
073120000000;Kaiserslautern, Kreisfreie Stadt;17873.0;10.4;10.4;16.2;37.2;14.4;258.0;237.0;20.0;1.0;123.0;25607.0;27.9;2.3;9.2;61.9
073130000000;Landau in der Pfalz, Kreisfreie Stadt;20415.0;4.9;9.9;17.6;31.1;15.1;85.0;82.0;3.0;0.0;30.0;7159.0;23.7;2.4;43.8;31.6
073140000000;Ludwigshafen am Rhein, Kreisfreie Stadt;18066.0;9.3;9.7;13.4;40.7;32.4;295.0;276.0;16.0;3.0;372.0;115139.0;61.1;8.9;29.3;3.8
073150000000;Mainz, Kreisfreie Stadt;20223.0;5.9;8.8;14.3;32.4;32.3;257.0;238.0;19.0;0.0;124.0;32748.0;50.5;6.1;41.1;3.6
073160000000;Neustadt an der Weinstraße, Kreisfreie Stadt;23359.0;6.0;10.4;16.9;34.0;12.0;74.0;65.0;9.0;0.0;53.0;26842.0;19.5;3.0;35.8;43.7
073170000000;Pirmasens, Kreisfreie Stadt;18270.0;13.2;10.7;14.9;36.2;8.7;278.0;249.0;11.0;18.0;26.0;20015.0;32.4;6.3;28.5;38.3
073180000000;Speyer, Kreisfreie Stadt;21797.0;6.5;9.7;15.2;40.9;22.8;78.0;75.0;2.0;1.0;128.0;11605.0;43.9;5.5;20.3;23.1
073190000000;Worms, Kreisfreie Stadt;18964.0;7.7;11.7;15.4;36.5;21.4;233.0;207.0;26.0;0.0;108.0;24727.0;29.7;4.4;61.6;3.6
073200000000;Zweibrücken, Kreisfreie Stadt;18358.0;7.5;12.1;18.5;32.4;10.1;107.0;102.0;4.0;1.0;10.0;8145.0;28.1;2.7;47.3;23.3
073310000000;Alzey-Worms, Landkreis;20255.0;4.5;12.4;19.1;26.8;13.0;182.0;168.0;13.0;1.0;120.0;28426.0;15.0;1.7;77.9;5.1
073320000000;Bad Dürkheim, Landkreis;23073.0;4.1;10.0;21.8;28.2;10.4;167.0;155.0;12.0;0.0;59.0;22243.0;12.9;1.8;34.2;52.1
073330000000;Donnersbergkreis;18833.0;5.3;10.0;21.6;34.8;9.7;132.0;121.0;8.0;3.0;245.0;42052.0;10.8;1.2;55.6;32.6
073340000000;Germersheim, Landkreis;20104.0;4.5;11.6;18.8;27.3;18.3;190.0;184.0;6.0;0.0;29.0;22560.0;15.7;1.4;38.6;40.1
073350000000;Kaiserslautern, Landkreis;18974.0;5.4;11.2;20.6;32.4;8.6;212.0;198.0;13.0;1.0;70.0;29975.0;14.5;1.5;35.0;49.8
073360000000;Kusel, Landkreis;17930.0;5.2;11.9;25.2;32.3;4.5;119.0;112.0;7.0;0.0;51.0;17062.0;12.2;1.4;51.4;35.2
073370000000;Südliche Weinstraße, Landkreis;21189.0;4.0;11.5;21.8;29.8;9.3;145.0;139.0;5.0;1.0;45.0;15694.0;12.2;1.6;41.6;45.2
073380000000;Rhein-Pfalz-Kreis;23223.0;3.6;11.0;20.5;36.4;16.5;186.0;175.0;10.0;1.0;89.0;33250.0;22.0;3.0;54.6;17.0
073390000000;Mainz-Bingen, Landkreis;24072.0;4.3;11.3;18.6;30.1;13.8;299.0;273.0;24.0;2.0;200.0;43711.0;18.5;2.3;61.7;16.2
073400000000;Südwestpfalz, Landkreis;19942.0;5.0;11.7;23.6;33.7;4.6;155.0;132.0;17.0;6.0;23.0;13612.0;9.8;1.5;26.3;63.2
080000000000;Baden-Württemberg, Land;21861.0;4.0;8.1;21.0;32.3;24.3;15527.0;13666.0;1417.0;444.0;15323.0;3757665.0;14.2;0.9;45.7;38.3
081110000000;Stuttgart, Landeshauptstadt, Stadtkreis;23504.0;5.5;5.8;17.0;35.9;38.9;1086.0;883.0;132.0;71.0;484.0;398005.0;51.5;5.6;22.9;24.0
081150000000;Böblingen, Landkreis;22436.0;3.8;7.2;21.6;32.8;31.6;479.0;426.0;45.0;8.0;177.0;156048.0;22.4;2.1;41.7;34.6
081160000000;Esslingen, Landkreis;22678.0;4.0;8.1;20.6;35.5;30.1;797.0;704.0;77.0;16.0;839.0;429482.0;24.5;1.4;44.6;29.1
081170000000;Göppingen, Landkreis;21282.0;4.4;9.5;25.4;29.2;26.5;389.0;346.0;38.0;5.0;1322.0;117378.0;16.4;0.8;50.2;32.2
081180000000;Ludwigsburg, Landkreis;22640.0;3.9;8.3;23.1;31.6;30.4;795.0;684.0;89.0;22.0;577.0;265110.0;24.1;1.5;55.4;18.2
081190000000;Rems-Murr-Kreis, Landkreis;22485.0;4.1;6.8;21.7;35.2;29.4;717.0;633.0;74.0;10.0;236.0;85596.0;17.5;0.9;42.2;39.3
081210000000;Heilbronn, Stadtkreis;39351.0;6.1;7.0;18.1;30.1;33.5;331.0;295.0;29.0;7.0;95.0;37449.0;35.5;2.3;47.5;14.2
081250000000;Heilbronn, Landkreis;21953.0;3.7;7.9;23.4;32.5;21.5;444.0;376.0;35.0;33.0;318.0;77569.0;17.2;1.3;55.6;25.6
081260000000;Hohenlohekreis, Landkreis;21352.0;2.8;8.1;24.6;33.1;14.2;78.0;63.0;8.799999999999999;15.799999999999995;90.39914595619207;19598.635402545337;12.9;0.5;57.2;28.1
081270000000;Schwäbisch Hall, Landkreis;20333.0;3.3;10.2;23.0;26.6;13.4;236.0;211.0;13.0;12.0;105.0;62692.0;11.5;0.4;55.3;31.6
081280000000;Main-Tauber-Kreis, Landkreis;19936.0;3.5;9.0;25.4;33.6;12.1;153.0;132.0;3.0;3.0;117.0;26793.0;10.8;0.4;57.8;29.6
081350000000;Heidenheim, Landkreis;20535.0;5.1;7.7;25.8;33.9;19.5;255.0;237.0;18.0;0.0;751.0;69567.0;12.5;0.8;43.4;43.0
081360000000;Ostalbkreis, Landkreis;21113.0;3.9;8.3;24.6;34.9;19.0;484.0;413.0;67.0;4.0;529.0;80531.0;12.7;0.6;47.0;39.2
082110000000;Baden-Baden, Stadtkreis;28269.0;5.9;6.8;21.6;38.8;30.0;71.0;64.0;5.599999999999999;3.2;105.22721718093464;39949.662630231556;14.6;1.6;22.4;61.5
082120000000;Karlsruhe, Stadtkreis;20861.0;5.8;7.4;16.2;31.7;26.0;513.0;479.0;22.0;12.0;643.0;75360.0;46.5;6.6;22.7;26.1
082150000000;Karlsruhe, Landkreis;21332.0;3.2;11.0;22.5;27.3;19.7;562.0;511.0;44.0;7.0;190.0;99742.0;17.8;1.1;44.9;33.9
082160000000;Rastatt, Landkreis;20441.0;3.5;10.8;24.7;28.4;20.4;331.0;311.0;25.467728991855978;4.226130653266331;56.60330781780074;-2237.051950546618;14.0;0.7;30.9;50.8
082210000000;Heidelberg, Stadtkreis;22869.0;5.3;6.9;15.7;35.9;22.8;127.0;112.0;12.0;3.0;32.0;26078.0;30.1;2.0;26.4;40.7
082220000000;Mannheim, Stadtkreis;19286.0;6.4;4.3;15.6;37.7;33.0;710.0;664.0;37.0;9.0;504.0;94962.0;58.1;5.9;23.9;12.5
082250000000;Neckar-Odenwald-Kreis, Landkreis;19167.0;4.1;9.3;22.8;38.2;12.9;233.0;213.0;17.0;3.0;90.0;45208.0;10.6;0.6;46.0;42.1
082260000000;Rhein-Neckar-Kreis, Landkreis;22095.0;3.8;7.8;19.9;31.2;20.2;753.0;683.0;63.0;7.0;929.0;157093.0;19.4;1.1;42.2;35.7
082310000000;Pforzheim, Stadtkreis;21481.0;7.9;9.2;17.6;36.1;34.0;287.0;252.0;26.0;9.0;243.0;123161.0;30.8;2.4;17.0;51.2
082350000000;Calw, Landkreis;21122.0;3.9;9.7;23.9;33.0;20.4;156.0;138.0;8.0;10.0;296.0;38385.0;11.1;0.6;26.1;61.8
082360000000;Enzkreis, Landkreis;22387.0;2.9;10.6;24.4;29.6;20.9;264.0;237.0;19.0;8.0;186.0;80562.0;15.9;0.7;44.3;38.3
082370000000;Freudenstadt, Landkreis;21384.0;3.7;10.3;25.0;32.7;14.7;163.0;147.0;13.0;3.0;214.0;50962.0;9.6;0.4;26.4;62.8
083110000000;Freiburg im Breisgau, Stadtkreis;19895.0;6.1;5.0;15.8;27.9;24.8;297.0;251.0;46.0;0.0;345.0;54193.0;31.8;3.4;23.8;42.7
083150000000;Breisgau-Hochschwarzwald, Landkreis;21978.0;3.5;7.4;21.8;28.6;15.1;332.0;284.0;26.034657029968415;1.1352640800285123;40.30362602759618;70745.69543219681;10.3;0.6;39.8;47.5
083160000000;Emmendingen, Landkreis;20285.0;3.2;8.9;23.7;20.0;16.0;195.0;177.0;21.095521286189104;4.136363636363638;50.75277307797769;26119.424351392852;10.9;0.7;40.6;45.8
083170000000;Ortenaukreis, Landkreis;20495.0;3.6;8.7;23.4;33.5;17.2;565.0;488.0;74.0;3.0;332.0;108481.0;11.7;0.5;38.2;47.3
083250000000;Rottweil, Landkreis;21725.0;3.0;9.8;21.5;31.2;17.2;197.0;176.0;18.0;3.0;792.0;62233.0;12.8;0.4;42.7;43.0
083260000000;Schwarzwald-Baar-Kreis, Landkreis;21793.0;3.7;9.9;20.5;32.8;21.1;367.0;315.0;35.0;17.0;405.0;71182.0;11.5;0.9;41.6;45.8
083270000000;Tuttlingen, Landkreis;22804.0;3.2;6.9;21.8;37.2;21.5;221.0;195.0;23.0;3.0;139.0;27601.0;11.6;0.5;37.2;50.0
083350000000;Konstanz, Landkreis;21654.0;4.4;8.8;22.1;29.4;20.5;458.0;415.0;21.0;22.0;361.0;59541.0;15.4;1.3;49.3;33.4
083360000000;Lörrach, Landkreis;22217.0;4.0;9.4;19.4;30.6;21.1;249.0;194.0;25.0;30.0;373.0;50850.0;12.6;0.9;34.3;51.6
083370000000;Waldshut, Landkreis;21137.0;3.3;8.8;22.0;32.0;19.3;158.0;116.0;16.0;26.0;256.0;38822.0;10.1;0.6;38.9;49.4
084150000000;Reutlingen, Landkreis;21906.0;4.2;8.4;19.6;35.1;27.2;304.0;280.0;19.0;5.0;720.0;59823.0;13.8;1.0;46.7;38.5
084160000000;Tübingen, Landkreis;20549.0;3.5;7.1;17.9;35.4;23.0;211.0;197.0;7.0;7.0;306.0;69042.0;17.7;1.1;46.1;34.7
084170000000;Zollernalbkreis, Landkreis;22541.0;4.3;8.7;22.9;33.4;18.2;285.0;269.0;16.0;0.0;125.0;42720.0;13.4;0.5;44.6;40.7
084210000000;Ulm, Stadtkreis;24311.0;4.4;8.5;19.9;28.9;31.6;213.0;200.0;13.0;0.0;482.0;54069.0;31.9;2.7;44.4;19.2
084250000000;Alb-Donau-Kreis, Landkreis;20595.0;2.9;11.9;24.2;25.3;19.8;177.0;166.0;11.0;0.0;95.0;58010.0;11.3;0.5;57.3;29.6
084260000000;Biberach, Landkreis;20782.0;2.5;11.1;25.4;29.9;13.1;195.0;168.0;23.0;4.0;55.0;46190.0;11.3;0.4;58.4;28.5
084350000000;Bodenseekreis, Landkreis;22990.0;3.1;8.2;24.7;32.5;17.8;197.0;165.0;19.0;13.0;54.0;45262.0;14.6;0.9;55.8;28.0
084360000000;Ravensburg, Landkreis;21188.0;2.8;11.1;20.4;23.1;15.8;264.0;188.0;50.0;26.0;303.0;67942.0;10.4;0.6;59.1;28.7
084370000000;Sigmaringen, Landkreis;19874.0;3.8;9.6;22.8;26.9;13.9;228.0;208.0;15.0;5.0;443.0;45905.0;9.8;0.4;49.7;38.8
090000000000;Bayern;22080.0;3.8;9.3;22.3;26.8;19.3;17895.0;16373.0;1355.0;167.0;16680.0;3789744.0;11.7;0.7;47.1;36.4
091610000000;Ingolstadt;20587.0;3.7;9.7;21.8;25.5;23.8;248.0;235.0;9.0;4.0;102.0;25807.0;35.8;3.3;41.5;14.9
091620000000;München, Landeshauptstadt;25597.0;5.1;6.7;18.6;30.3;39.4;2225.0;1954.0;258.0;13.0;1579.0;381134.0;73.8;11.1;15.3;6.9
091630000000;Rosenheim;22582.0;4.9;8.0;20.4;24.4;28.3;126.0;105.0;21.0;0.0;71.0;14867.0;40.8;2.2;37.0;17.4
091710000000;Altötting, Landkreis;21000.0;3.5;11.6;22.4;25.5;11.4;86.0;79.0;6.0;1.0;111.0;17302.0;12.7;0.6;54.5;29.5
091720000000;Berchtesgadener Land, Landkreis;20354.0;3.6;7.8;23.0;16.6;15.5;106.0;97.0;8.0;1.0;54.0;12917.0;6.8;0.3;22.6;51.9
091730000000;Bad Tölz-Wolfratshausen, Landkreis;24744.0;2.7;7.3;27.5;22.4;14.5;169.0;156.0;13.0;0.0;426.0;51816.0;6.3;0.5;30.7;55.7
091740000000;Dachau, Landkreis;22756.0;2.6;10.3;25.8;25.1;21.8;208.0;188.0;19.0;1.0;100.0;29943.0;13.1;1.2;65.6;17.8
091750000000;Ebersberg, Landkreis;25083.0;2.4;7.4;25.1;22.7;18.0;125.0;113.0;12.0;0.0;89.0;22147.0;12.0;1.2;48.5;37.2
091760000000;Eichstätt, Landkreis;21064.0;1.4;12.4;23.8;15.4;11.8;99.0;88.0;8.0;3.0;15.0;10719.0;9.4;0.4;46.7;40.6
091770000000;Erding, Landkreis;22114.0;2.1;9.4;23.4;20.9;13.6;123.0;115.0;6.0;2.0;16.0;16387.0;11.8;0.6;70.3;14.4
091780000000;Freising, Landkreis;21831.0;2.1;9.2;23.3;20.6;21.1;255.0;232.0;17.0;6.0;20.0;16833.0;13.4;0.7;63.7;19.4
091790000000;Fürstenfeldbruck, Landkreis;23880.0;3.3;8.5;24.0;28.4;21.2;265.0;222.0;33.0;10.0;188.0;47611.0;18.1;1.5;56.2;22.4
091800000000;Garmisch-Partenkirchen, Landkreis;23664.0;3.8;9.2;23.7;20.5;15.1;116.0;109.0;7.0;0.0;391.0;29866.0;5.2;0.4;22.2;52.8
091810000000;Landsberg am Lech, Landkreis;22649.0;2.9;9.7;25.9;24.3;11.3;111.0;104.0;6.0;1.0;36.0;18385.0;10.7;0.5;50.8;29.3
091820000000;Miesbach, Landkreis;26430.0;3.2;8.6;28.6;28.4;15.1;155.0;141.0;13.0;1.0;153.0;57851.0;7.2;0.5;31.9;54.6
091830000000;Mühldorf a.Inn, Landkreis;21412.0;3.8;10.4;20.0;30.6;12.3;160.0;151.0;8.0;1.0;31.0;16552.0;10.4;0.4;64.3;22.8
091840000000;München, Landkreis;29300.0;2.8;6.7;23.6;24.2;24.5;428.0;347.0;76.0;5.0;375.0;319873.0;19.7;1.8;32.1;45.1
091850000000;Neuburg-Schrobenhausen, Landkreis;20549.0;2.2;13.2;22.3;20.4;15.4;105.0;97.0;7.0;1.0;84.0;21500.0;11.5;0.5;60.9;23.5
091860000000;Pfaffenhofen a.d.Ilm, Landkreis;22642.0;2.1;11.7;26.5;18.8;11.3;142.0;124.0;16.0;2.0;35.0;20727.0;13.3;0.6;58.5;24.7
091870000000;Rosenheim, Landkreis;22843.0;2.8;9.5;23.1;23.8;12.8;330.0;300.0;25.0;5.0;308.0;97882.0;10.8;0.5;48.4;35.4
091880000000;Starnberg, Landkreis;34306.0;2.8;6.4;22.9;24.1;17.7;141.0;123.0;17.0;1.0;71.0;35593.0;14.2;1.3;32.5;37.1
091890000000;Traunstein, Landkreis;21936.0;3.1;7.9;24.9;23.5;11.5;153.0;136.0;15.0;2.0;104.0;32540.0;8.2;0.5;44.8;37.5
091900000000;Weilheim-Schongau, Landkreis;22530.0;2.7;11.3;21.8;24.0;14.6;174.0;158.0;13.0;3.0;126.0;37924.0;9.2;0.6;54.2;32.7
092610000000;Landshut;22189.0;4.7;9.3;22.7;25.6;21.2;159.0;149.0;10.0;0.0;394.0;39788.0;32.9;2.3;41.2;19.3
092620000000;Passau;19372.0;5.9;9.7;17.9;25.8;14.8;81.0;67.0;14.0;0.0;97.0;27862.0;31.3;1.4;26.4;33.3
092630000000;Straubing;20928.0;5.5;9.8;19.2;24.6;13.5;124.0;115.0;9.0;0.0;110.0;63917.0;28.2;2.3;59.2;1.8
092710000000;Deggendorf, Landkreis;19615.0;3.6;10.0;22.2;20.4;9.0;166.0;154.0;11.0;1.0;280.0;19767.0;11.7;0.4;54.2;29.0
092720000000;Freyung-Grafenau, Landkreis;17588.0;4.3;9.1;26.6;20.1;2.9;118.0;111.0;7.0;0.0;125.0;16646.0;9.1;0.5;30.7;57.4
092730000000;Kelheim, Landkreis;20908.0;2.8;11.1;27.9;22.6;12.8;95.0;91.0;2.0;2.0;26.0;24899.0;10.1;0.4;46.8;39.6
092740000000;Landshut, Landkreis;21659.0;2.4;11.0;26.9;25.2;9.4;159.0;149.0;8.0;2.0;302.0;24384.0;10.6;0.3;63.9;22.8
092750000000;Passau, Landkreis;18933.0;4.1;10.9;23.9;22.3;6.6;185.0;166.0;19.0;0.0;166.0;42891.0;12.4;0.8;55.4;28.9
092760000000;Regen, Landkreis;18302.0;4.0;9.8;21.5;22.6;5.8;99.0;95.0;4.0;0.0;24.0;10298.0;8.0;0.4;25.9;63.8
092770000000;Rottal-Inn, Landkreis;20102.0;3.4;13.3;20.8;23.1;11.1;116.0;111.0;5.0;0.0;70.0;17519.0;9.9;0.4;61.9;25.8
092780000000;Straubing-Bogen, Landkreis;19610.0;2.8;10.4;26.6;20.5;5.4;83.0;79.0;4.0;0.0;270.0;47561.0;10.0;0.4;58.8;27.5
092790000000;Dingolfing-Landau, Landkreis;20293.0;2.7;12.1;30.6;25.6;7.8;101.0;98.0;3.0;0.0;204.0;15765.0;11.2;0.4;63.2;21.6
093610000000;Amberg;20317.0;6.0;7.3;23.2;28.8;11.4;90.0;86.0;3.0;1.0;31.0;7727.0;33.3;2.1;40.5;22.1
093620000000;Regensburg;20900.0;4.8;7.1;18.9;29.2;18.5;220.0;210.0;10.0;0.0;169.0;35523.0;55.3;6.4;30.1;7.4
093630000000;Weiden i.d.OPf.;19392.0;7.8;10.8;16.2;23.4;12.4;142.0;132.0;6.0;4.0;59.0;8898.0;28.8;2.1;34.7;30.8
093710000000;Amberg-Sulzbach, Landkreis;18839.0;3.5;9.7;25.9;27.4;5.6;106.0;97.0;7.0;2.0;92.0;23461.0;9.3;0.4;39.7;48.0
093720000000;Cham, Landkreis;19085.0;3.2;9.4;28.7;15.7;4.2;175.0;169.0;5.0;1.0;40.0;17612.0;10.2;0.4;43.6;43.1
093730000000;Neumarkt i.d.OPf., Landkreis;20437.0;2.1;9.9;25.2;17.1;7.4;105.0;98.0;7.0;0.0;307.0;53503.0;10.3;0.5;44.1;37.5
093740000000;Neustadt a.d.Waldnaab, Landkreis;18422.0;4.0;11.3;22.7;23.9;5.1;123.0;110.0;8.0;5.0;40.0;11799.0;9.7;0.3;35.3;46.3
093750000000;Regensburg, Landkreis;20818.0;2.2;10.0;26.6;24.2;8.2;147.0;139.0;8.0;0.0;74.0;15293.0;10.9;0.5;51.1;34.5
093760000000;Schwandorf, Landkreis;18945.0;3.3;10.3;24.9;24.3;5.9;231.0;212.0;18.0;1.0;216.0;40465.0;10.3;0.3;39.5;44.8
093770000000;Tirschenreuth, Landkreis;18963.0;4.7;10.0;21.9;33.6;5.1;94.0;89.0;5.0;0.0;41.0;14355.0;8.1;0.3;40.3;47.1
094610000000;Bamberg;19714.0;4.9;9.2;19.3;27.8;16.2;121.0;108.0;13.0;0.0;36.0;14733.0;50.1;7.0;16.8;27.1
094620000000;Bayreuth;20761.0;6.2;8.0;21.5;26.8;13.9;222.0;219.0;3.0;0.0;69.0;25229.0;41.7;5.4;34.1;20.1
094630000000;Coburg;22932.0;6.5;8.1;20.3;26.9;10.4;104.0;93.0;10.0;1.0;15.0;6794.0;40.3;3.9;30.4;22.8
094640000000;Hof;19156.0;6.9;8.3;19.6;24.3;18.2;140.0;138.0;2.0;0.0;202.0;9883.0;36.2;4.1;43.9;14.8
094710000000;Bamberg, Landkreis;20538.0;2.9;9.2;30.0;26.8;4.7;179.0;170.0;9.0;0.0;180.0;31949.0;10.1;0.6;45.2;40.6
094720000000;Bayreuth, Landkreis;20030.0;3.8;9.2;25.5;26.3;3.7;145.0;138.0;7.0;0.0;29.0;28884.0;9.1;0.4;41.2;46.9
094730000000;Coburg, Landkreis;22637.0;4.1;9.6;26.1;24.3;5.5;152.0;146.0;6.0;0.0;193.0;21281.0;12.7;0.8;51.8;31.7
094740000000;Forchheim, Landkreis;21139.0;3.0;11.4;23.4;24.5;8.9;128.0;122.0;6.0;0.0;35.0;19209.0;12.1;0.8;45.9;39.0
094750000000;Hof, Landkreis;19514.0;4.5;9.3;25.2;28.1;6.7;181.0;169.0;12.0;0.0;205.0;31033.0;11.3;0.6;49.8;36.1
094760000000;Kronach, Landkreis;22320.0;4.1;7.9;25.5;21.8;4.8;120.0;115.0;4.0;1.0;50.0;8532.0;9.7;0.5;28.2;58.9
094770000000;Kulmbach, Landkreis;20067.0;4.9;9.0;24.8;29.7;6.6;125.0;121.0;3.0;1.0;280.0;27317.0;11.0;0.5;49.3;37.3
094780000000;Lichtenfels, Landkreis;19774.0;4.3;10.6;26.2;24.0;6.1;120.0;115.0;5.0;0.0;26.0;11280.0;11.3;0.5;45.4;38.3
094790000000;Wunsiedel i.Fichtelgebirge, Landkreis;20210.0;5.8;7.3;25.5;27.8;10.6;168.0;165.0;3.0;0.0;1.0;11766.0;11.2;0.5;38.5;45.9
095610000000;Ansbach;19742.0;4.1;10.5;23.8;24.3;15.5;79.0;72.0;7.0;0.0;8.0;6605.0;22.4;1.4;44.4;28.9
095620000000;Erlangen;22765.0;3.7;8.4;22.8;40.2;21.3;150.0;143.0;6.0;1.0;70.0;12506.0;40.7;3.1;30.7;22.3
095630000000;Fürth;22791.0;6.6;10.1;18.6;30.2;25.9;212.0;193.0;12.0;7.0;56.0;23124.0;46.3;5.3;36.8;12.5
095640000000;Nürnberg;21260.0;7.9;9.9;18.3;35.1;33.6;917.0;828.0;79.0;10.0;2531.0;531073.0;60.5;7.9;18.1;17.0
095650000000;Schwabach;23345.0;4.7;8.3;24.6;31.2;17.7;84.0;80.0;4.0;0.0;44.0;8198.0;33.9;1.8;33.8;28.5
095710000000;Ansbach, Landkreis;20655.0;2.9;11.3;26.1;25.4;9.2;217.0;204.0;12.0;1.0;742.0;66760.0;10.3;0.5;56.9;28.5
095720000000;Erlangen-Höchstadt, Landkreis;23289.0;2.3;9.6;28.5;25.5;9.1;102.0;96.0;4.0;2.0;17.0;18678.0;13.4;0.9;38.0;42.0
095730000000;Fürth, Landkreis;22642.0;3.2;10.0;27.0;26.4;10.4;106.0;99.0;7.0;0.0;89.0;28315.0;17.0;1.2;54.2;25.6
095740000000;Nürnberger Land, Landkreis;23865.0;2.9;10.6;25.8;25.5;11.8;198.0;189.0;7.0;2.0;138.0;64060.0;13.0;0.8;32.0;51.9
095750000000;Neustadt a.d.Aisch-Bad Windsheim, Landkreis;20116.0;2.6;14.1;19.7;20.7;7.3;102.0;91.0;10.0;1.0;145.0;16060.0;9.7;0.4;57.4;29.2
095760000000;Roth, Landkreis;21730.0;2.7;9.9;25.9;25.0;9.0;163.0;148.0;13.0;2.0;223.0;57393.0;11.4;0.5;39.7;44.7
095770000000;Weißenburg-Gunzenhausen, Landkreis;20032.0;3.5;10.0;23.2;22.1;12.8;113.0;105.0;8.0;0.0;41.0;8814.0;10.2;0.6;50.0;34.2
096610000000;Aschaffenburg;22153.0;5.7;8.3;21.0;28.2;26.4;167.0;160.0;7.0;0.0;95.0;15065.0;39.5;7.1;21.9;31.5
096620000000;Schweinfurt;19462.0;6.3;9.0;22.6;37.3;19.5;103.0;95.0;6.0;2.0;80.0;8388.0;54.4;6.4;22.1;16.1
096630000000;Würzburg;22926.0;4.9;6.9;18.7;30.2;20.3;201.0;182.0;19.0;0.0;165.0;34263.0;47.7;5.8;27.1;19.0
096710000000;Aschaffenburg, Landkreis;21862.0;2.9;10.1;25.0;25.0;14.7;206.0;186.0;20.0;0.0;125.0;43341.0;14.1;1.0;23.9;56.4
096720000000;Bad Kissingen, Landkreis;19643.0;4.2;10.9;26.3;28.8;6.3;121.0;112.0;8.0;1.0;90.0;20634.0;10.7;0.6;35.5;48.3
096730000000;Rhön-Grabfeld, Landkreis;19252.0;3.2;11.4;25.1;24.0;6.3;58.0;53.0;4.0;1.0;180.0;16193.0;9.8;0.5;49.0;38.1
096740000000;Haßberge, Landkreis;18789.0;3.3;12.7;23.0;21.0;4.8;75.0;67.0;8.0;0.0;417.0;27118.0;10.1;0.6;45.7;40.7
096750000000;Kitzingen, Landkreis;20677.0;3.2;9.2;23.7;23.9;10.3;99.0;89.0;9.0;1.0;233.0;43299.0;13.4;1.0;59.7;23.0
096760000000;Miltenberg, Landkreis;20569.0;3.1;9.6;23.1;22.0;19.3;210.0;186.0;24.0;0.0;49.0;27016.0;11.1;0.9;27.1;58.8
096770000000;Main-Spessart, Landkreis;20087.0;2.6;13.1;21.2;20.6;10.6;149.0;136.0;10.0;3.0;465.0;34619.0;9.1;0.5;32.1;55.8
096780000000;Schweinfurt, Landkreis;19886.0;2.8;10.9;20.6;24.5;6.8;87.0;84.0;2.0;1.0;56.0;21807.0;12.4;0.9;58.2;26.0
096790000000;Würzburg, Landkreis;20874.0;2.8;8.6;22.4;36.3;9.1;202.0;180.0;20.0;2.0;42.0;19567.0;12.0;0.6;61.7;23.0
097610000000;Augsburg;18090.0;6.9;9.7;19.5;26.7;29.8;699.0;638.0;59.0;2.0;256.0;69970.0;42.1;5.2;25.8;26.0
097620000000;Kaufbeuren;20827.0;5.8;11.2;21.5;28.3;17.7;109.0;106.0;2.0;1.0;55.0;7590.0;37.6;1.4;33.5;25.5
097630000000;Kempten (Allgäu);20934.0;4.4;10.7;22.9;17.5;20.6;185.0;168.0;4.0;13.0;160.0;27711.0;32.2;3.7;51.5;12.6
097640000000;Memmingen;23184.0;3.6;9.2;20.6;26.7;23.2;101.0;99.0;2.0;0.0;28.0;7011.0;25.6;1.4;47.1;24.7
097710000000;Aichach-Friedberg, Landkreis;22714.0;2.8;11.4;25.3;24.3;10.9;190.0;168.0;18.0;4.0;77.0;38615.0;11.8;0.5;59.7;25.6
097720000000;Augsburg, Landkreis;22385.0;3.1;12.0;24.7;22.8;13.2;334.0;304.0;27.0;3.0;56.0;60897.0;14.9;0.8;48.6;33.4
097730000000;Dillingen a.d.Donau, Landkreis;21408.0;2.7;9.7;26.9;25.3;13.2;119.0;113.0;5.0;1.0;55.0;16430.0;11.5;0.5;60.3;23.4
097740000000;Günzburg, Landkreis;22917.0;2.8;11.1;21.7;24.6;19.5;139.0;128.0;11.0;0.0;40.0;15947.0;13.9;0.7;52.5;29.3
097750000000;Neu-Ulm, Landkreis;21883.0;3.1;10.6;20.7;25.9;22.1;256.0;240.0;15.0;1.0;104.0;22744.0;17.8;1.2;48.1;29.7
097760000000;Lindau (Bodensee), Landkreis;21953.0;2.7;9.6;22.1;22.5;18.9;104.0;95.0;6.0;3.0;17.0;14624.0;13.2;0.9;57.4;27.4
097770000000;Ostallgäu, Landkreis;21317.0;2.9;13.4;23.5;22.8;13.1;164.0;150.0;10.0;4.0;121.0;54202.0;7.9;0.4;56.4;31.2
097780000000;Unterallgäu, Landkreis;22696.0;2.1;12.6;25.9;20.9;10.5;204.0;196.0;8.0;0.0;347.0;53069.0;10.6;0.5;61.1;25.6
097790000000;Donau-Ries, Landkreis;22245.0;2.3;9.6;27.4;27.0;11.4;139.0;127.0;9.0;3.0;279.0;56190.0;10.9;0.6;59.3;26.5
097800000000;Oberallgäu, Landkreis;22127.0;3.0;9.5;26.8;25.1;10.7;157.0;143.0;4.0;10.0;41.0;27851.0;6.5;0.4;46.1;37.0
100000000000;Saarland;18771.0;6.8;9.0;17.9;34.9;14.6;2446.0;2248.0;165.0;33.0;3191.0;669062.0;20.8;1.0;43.0;34.0
100410000000;Saarbrücken, Regionalverband;18015.0;9.4;8.5;15.7;36.9;17.3;992.0;914.0;65.0;13.0;1422.0;196614.0;32.1;1.6;24.7;41.7
100420000000;Merzig-Wadern, Landkreis;16717.0;4.9;9.5;20.4;32.5;10.9;168.0;144.0;12.0;12.0;1199.0;296375.0;13.4;0.8;45.9;38.7
100430000000;Neunkirchen, Landkreis;18156.0;7.0;10.4;17.6;33.0;12.3;440.0;422.0;17.0;1.0;86.0;30584.0;26.3;1.1;42.2;29.1
100440000000;Saarlouis, Landkreis;18196.0;5.6;9.5;18.5;31.5;15.0;397.0;368.0;25.0;4.0;125.0;64468.0;23.0;1.1;48.3;25.3
100450000000;Saarpfalz-Kreis;19843.0;5.5;8.8;22.0;38.6;12.6;330.0;292.0;36.0;2.0;262.0;68535.0;19.6;0.8;45.3;33.2
100460000000;St. Wendel, Landkreis;24395.0;4.0;7.1;23.0;29.1;6.9;116.0;106.0;9.0;1.0;97.0;12398.0;15.5;0.9;48.9;33.3
110000000000;Berlin;18183.0;13.3;9.5;13.1;33.9;21.4;7656.0;6972.0;629.0;55.0;6407.0;1983768.0;70.4;11.9;4.2;18.3
120000000000;Brandenburg;17592.0;10.7;9.4;20.7;36.5;2.9;5759.0;5497.0;231.0;31.0;2013.0;904562.0;9.3;0.7;49.3;35.5
120510000000;Brandenburg an der Havel, Kreisfreie Stadt;15829.0;14.1;10.6;19.5;34.7;3.7;264.0;251.0;11.0;2.0;164.0;147858.0;22.0;2.2;29.5;28.8
120520000000;Cottbus, Kreisfreie Stadt;16761.0;12.9;11.7;17.1;34.8;4.8;237.0;225.0;10.0;2.0;153.0;24788.0;30.0;5.2;30.2;20.9
120530000000;Frankfurt (Oder), Kreisfreie Stadt;15713.0;13.7;8.4;18.7;42.7;6.4;214.0;201.0;11.0;2.0;54.0;18169.0;23.8;4.8;44.3;26.8
120540000000;Potsdam, Kreisfreie Stadt;17921.0;7.9;10.3;15.2;28.1;9.2;425.0;406.0;18.0;1.0;99.0;51459.0;29.8;4.8;30.6;25.1
120600000000;Barnim, Landkreis;18187.0;10.3;11.2;19.3;37.1;3.1;387.0;370.0;7.0;10.0;90.0;94586.0;10.5;0.5;36.2;46.0
120610000000;Dahme-Spreewald, Landkreis;18534.0;7.6;9.8;21.2;21.9;3.2;393.0;378.0;13.0;2.0;52.0;51906.0;9.2;0.4;39.0;45.3
120620000000;Elbe-Elster, Landkreis;16202.0;13.7;8.9;22.4;39.5;1.5;103.0;98.0;4.0;1.0;102.0;15161.0;7.9;0.6;51.3;35.8
120630000000;Havelland, Landkreis;18038.0;9.3;8.8;21.6;40.0;2.3;288.0;275.0;11.0;2.0;67.0;26306.0;10.1;0.6;59.9;25.6
120640000000;Märkisch-Oderland, Landkreis;17589.0;11.0;8.9;20.9;32.2;2.5;604.0;582.0;20.0;2.0;114.0;60914.0;11.0;1.6;61.2;23.8
120650000000;Oberhavel, Landkreis;18064.0;9.5;8.7;21.2;46.9;2.5;562.0;540.0;22.0;0.0;312.0;67439.0;10.4;0.6;43.0;40.0
120660000000;Oberspreewald-Lausitz, Landkreis;16705.0;15.1;8.1;21.2;44.1;1.6;219.0;211.0;8.0;0.0;38.0;15855.0;11.4;1.0;35.0;37.2
120670000000;Oder-Spree, Landkreis;17509.0;10.1;10.3;22.0;33.2;3.2;423.0;402.0;17.0;4.0;123.0;45452.0;9.4;0.9;37.4;47.8
120680000000;Ostprignitz-Ruppin, Landkreis;16381.0;12.0;8.6;18.4;35.7;1.7;277.0;255.0;20.0;2.0;150.0;29788.0;6.3;0.3;57.3;32.4
120690000000;Potsdam-Mittelmark, Landkreis;19752.0;7.0;9.8;23.1;32.9;2.2;332.0;311.0;21.0;0.0;109.0;92228.0;8.7;0.5;46.6;40.8
120700000000;Prignitz, Landkreis;16664.0;14.5;8.7;20.5;37.4;1.0;201.0;198.0;3.0;0.0;92.0;50753.0;6.7;0.3;68.0;22.9
120710000000;Spree-Neiße, Landkreis;17353.0;10.6;6.3;24.0;36.1;1.8;266.0;255.0;11.0;0.0;73.0;37915.0;9.6;0.5;35.0;44.4
120720000000;Teltow-Fläming, Landkreis;18347.0;8.0;10.7;20.5;29.9;2.5;282.0;263.0;18.0;1.0;191.0;54824.0;9.6;1.0;46.0;41.5
120730000000;Uckermark, Landkreis;15905.0;16.7;9.4;22.1;42.6;1.8;282.0;276.0;6.0;0.0;30.0;19163.0;6.3;0.5;62.7;24.5
130000000000;Mecklenburg-Vorpommern;16373.0;12.5;10.2;18.9;27.9;2.5;3249.0;3024.0;144.0;81.0;1777.0;444615.0;8.0;1.3;62.6;21.8
130030000000;Kreisfreie Stadt Rostock, Hansestadt;15993.0;13.1;11.3;16.3;30.4;5.3;468.0;424.0;18.0;26.0;272.0;33374.0;39.5;8.0;20.0;27.8
130040000000;Kreisfreie Stadt Schwerin, Landeshauptstadt;16807.0;12.4;10.5;16.3;28.3;8.7;202.0;186.0;8.0;8.0;58.0;27113.0;30.5;6.6;17.6;19.1
130710000000;Landkreis Mecklenburgische Seenplatte;16308.0;14.400000000000006;9.1;19.4;30.6;1.4;1221.9679737823035;1156.3009966997984;33.300552021502135;15.967775057295182;1214.6371922407213;220086.3010776434;6.5;1.0;58.1;24.5
130720000000;Landkreis Rostock;17099.0;9.975000000000003;9.8;19.5;24.7;1.4;332.19861175550705;253.8658822463184;51.46764985338604;20.500000000000004;827.4679094216094;141132.80241540994;8.1;1.1;69.8;16.7
130730000000;Landkreis Vorpommern-Rügen;16335.0;14.075000000000006;10.5;19.4;23.7;1.3;490.3018489055165;407.46776314777776;60.634521616557215;5.800664724056151;81.03354205305325;61011.13437881884;8.5;1.5;67.1;18.5
130740000000;Landkreis Nordwestmecklenburg;16415.0;10.950000000000008;11.0;20.3;32.7;2.7;345.1333446435708;284.2979627401679;28.468067529994606;23.249999999999996;-304.6344523560665;854.9678805776384;8.5;1.8;71.6;13.3
130750000000;Landkreis Vorpommern-Greifswald;15164.0;12.400000000000002;9.8;18.7;25.9;1.9;424.9677069993045;369.30064412125625;33.30141465597544;13.250000000000004;7385.804582732698;82640.80120533514;8.0;1.1;61.0;21.9
130760000000;Landkreis Ludwigslust-Parchim;17276.0;8.925000000000006;10.7;20.0;27.8;1.5;532.4658475121347;500.3010685134465;28.53258367244286;3.6365480926283036;-301.3005520215024;36999.86501286798;7.3;1.2;59.8;28.0
140000000000;Sachsen;17265.0;10.6;9.1;22.2;38.5;4.1;7764.0;6742.0;1000.0;22.0;5774.0;1238981.0;12.6;1.2;55.0;27.2
145110000000;Chemnitz, Stadt;17881.0;11.5;8.7;23.2;39.4;7.4;646.0;531.0;115.0;0.0;377.0;75384.0;42.9;8.3;39.6;15.7
145210000000;Erzgebirgskreis;16681.0;9.6;7.4;29.0;37.4;1.4;536.0;427.0;109.0;0.0;302.0;65669.0;11.5;0.8;40.6;44.9
145220000000;Mittelsachsen, Landkreis;17240.0;9.2;8.4;26.2;38.4;2.0;482.0;433.0;49.0;0.0;895.0;221075.0;10.4;0.7;71.5;15.8
145230000000;Vogtlandkreis;17216.0;9.5;8.3;25.4;34.7;2.8;496.0;439.0;57.0;0.0;109.0;48139.0;10.9;0.8;46.7;39.3
145240000000;Zwickau, Landkreis;17328.0;9.4;8.1;25.1;39.8;2.6;579.0;485.0;94.0;0.0;889.0;107490.0;17.3;1.3;63.0;16.8
146120000000;Dresden, Stadt;17459.0;10.0;11.1;16.8;36.2;7.0;780.0;708.0;70.0;2.0;692.0;119537.0;40.6;4.8;33.2;22.4
146250000000;Bautzen, Landkreis;17235.0;10.4;8.2;23.8;41.1;2.0;495.0;455.0;39.0;1.0;634.0;77593.0;10.1;0.7;46.1;35.0
146260000000;Görlitz, Landkreis;16142.0;13.0;7.6;22.6;39.3;3.3;351.0;311.0;40.0;0.0;309.0;69439.0;11.3;1.2;45.3;35.4
146270000000;Meißen, Landkreis;17797.0;10.3;8.9;22.8;38.8;1.8;279.0;252.0;25.0;2.0;177.0;55909.0;11.0;0.8;71.6;13.3
146280000000;Sächsische Schweiz-Osterzgebirge, Landkreis;17703.0;9.7;9.2;23.5;37.1;2.6;237.0;206.0;29.0;2.0;313.0;57288.0;9.3;0.7;52.6;35.8
147130000000;Leipzig, Stadt;16948.0;13.0;10.5;16.4;37.6;9.0;1928.0;1653.0;264.0;11.0;737.0;216841.0;51.6;9.9;35.7;7.0
147290000000;Leipzig, Landkreis;18155.0;10.6;10.2;22.5;41.2;1.5;517.0;454.0;61.0;2.0;138.0;49868.0;12.9;2.0;62.6;14.1
147300000000;Nordsachsen, Landkreis;17068.0;12.1;9.7;20.4;40.8;2.4;438.0;388.0;48.0;2.0;202.0;74749.0;9.5;0.6;65.0;20.5
150000000000;Sachsen-Anhalt;16595.0;11.6;9.2;19.8;35.1;2.8;4886.0;4502.0;314.0;70.0;2752.0;659881.0;11.0;2.6;61.7;24.5
150010000000;Dessau-Roßlau, Kreisfreie Stadt;16843.0;12.5;8.9;21.2;37.4;3.0;234.0;207.0;18.0;9.0;118.0;34189.0;20.8;6.6;36.9;38.9
150020000000;Halle (Saale), Kreisfreie Stadt;15762.0;12.1;9.6;16.9;37.2;6.9;553.0;499.0;46.0;8.0;159.0;39760.0;53.1;14.7;26.2;16.4
150030000000;Magdeburg, Kreisfreie Stadt;16447.0;11.6;10.3;17.8;33.4;6.3;526.0;488.0;32.0;6.0;410.0;79661.0;46.2;12.4;37.8;8.5
150810000000;Altmarkkreis Salzwedel;17231.0;9.6;10.7;18.6;30.7;2.6;138.0;131.0;7.0;0.0;169.0;74520.0;7.1;1.5;62.0;29.5
150820000000;Anhalt-Bitterfeld, Landkreis;16381.0;12.1;9.6;21.3;33.3;1.8;325.0;293.0;30.0;2.0;205.0;52131.0;12.1;3.3;62.2;21.7
150830000000;Börde, Landkreis;17625.0;8.2;10.1;21.3;28.5;1.9;371.0;346.0;21.0;4.0;248.0;45550.0;9.6;1.8;68.2;20.0
150840000000;Burgenlandkreis;16627.0;13.6;9.5;20.6;39.4;1.8;238.0;214.0;16.0;8.0;52.0;17695.0;13.5;3.6;69.7;13.4
150850000000;Harz, Landkreis;16573.0;10.7;7.6;19.5;33.6;1.6;535.0;495.0;36.0;4.0;590.0;74959.0;9.8;2.0;51.9;36.6
150860000000;Jerichower Land, Landkreis;17860.0;10.0;7.7;22.6;34.0;1.7;249.0;237.0;12.0;0.0;91.0;37132.0;8.7;1.9;56.7;32.1
150870000000;Mansfeld-Südharz, Landkreis;16029.0;14.8;8.8;21.1;42.8;1.4;338.0;307.0;16.0;15.0;50.0;31206.0;11.4;2.9;58.3;28.1
150880000000;Saalekreis;17374.0;10.6;10.2;21.3;35.3;2.4;390.0;357.0;27.0;6.0;174.0;55466.0;15.1;3.2;71.1;9.1
150890000000;Salzlandkreis;15929.0;12.2;7.5;19.6;35.7;1.6;519.0;490.0;24.0;5.0;301.0;49447.0;13.7;3.1;75.8;6.8
150900000000;Stendal, Landkreis;15978.0;14.3;9.3;17.5;32.5;2.1;195.0;188.0;7.0;0.0;136.0;42617.0;7.6;1.7;66.7;22.4
150910000000;Wittenberg, Landkreis;16801.0;11.0;9.6;20.0;32.1;2.0;275.0;250.0;22.0;3.0;49.0;25546.0;8.6;2.1;49.0;39.6
160000000000;Thüringen;16864.0;8.8;8.2;23.7;32.5;2.8;3779.0;3505.0;261.0;13.0;1717.0;512680.0;9.4;0.5;54.4;32.0
160510000000;Erfurt, krsfr. Stadt;16892.0;10.2;7.8;20.3;32.5;7.1;439.0;419.0;19.0;1.0;133.0;57781.0;26.2;2.2;61.0;7.2
160520000000;Gera, krsfr. Stadt;16888.0;12.4;8.0;22.9;35.2;3.1;250.0;228.0;22.0;0.0;87.0;39755.0;22.9;2.8;57.5;17.6
160530000000;Jena, krsfr. Stadt;16335.0;7.1;8.3;19.6;35.3;5.1;126.0;100.0;26.0;0.0;74.0;25487.0;23.9;1.7;40.0;31.5
160540000000;Suhl, krsfr. Stadt;18152.0;7.9;10.1;27.5;22.1;2.4;83.0;69.0;9.0;5.0;18.0;8558.0;18.9;0.7;17.1;63.2
160550000000;Weimar, krsfr. Stadt;16501.0;9.9;8.2;17.7;37.6;4.7;128.0;116.0;12.0;0.0;7.0;10414.0;26.0;2.1;48.2;19.3
160560000000;Eisenach, krsfr. Stadt;16924.0;9.2;9.8;18.5;28.5;5.0;96.0;93.0;3.0;0.0;27.0;12481.0;18.0;0.9;43.4;35.7
160610000000;Eichsfeld, Kreis;16988.0;7.1;9.6;26.2;33.4;2.9;132.0;129.0;3.0;0.0;55.0;15026.0;8.8;0.4;59.2;29.0
160620000000;Nordhausen, Kreis;15993.0;10.7;9.0;20.3;32.6;2.5;162.0;143.0;19.0;0.0;64.0;15890.0;9.9;0.6;56.0;29.4
160630000000;Wartburgkreis;17415.0;6.0;8.4;26.6;28.7;2.1;188.0;180.0;8.0;0.0;206.0;18308.0;8.2;0.3;49.7;35.2
160640000000;Unstrut-Hainich-Kreis;16417.0;11.5;8.2;22.5;31.3;1.7;162.0;157.0;1.0;4.0;76.0;17071.0;8.2;0.4;68.8;15.8
160650000000;Kyffhäuserkreis;15655.0;13.2;6.6;21.8;33.9;1.1;131.0;124.0;7.0;0.0;33.0;10105.0;7.9;0.4;65.2;23.0
160660000000;Schmalkalden-Meiningen, Kreis;17364.0;6.8;8.2;24.9;34.9;1.7;207.0;189.0;17.0;1.0;202.0;36178.0;9.0;0.3;38.6;47.9
160670000000;Gotha, Kreis;16786.0;8.1;7.7;24.5;26.5;2.9;260.0;245.0;15.0;0.0;101.0;38111.0;10.1;0.7;55.8;27.0
160680000000;Sömmerda, Kreis;16713.0;10.5;7.9;25.1;31.8;1.0;137.0;128.0;9.0;0.0;9.0;14102.0;8.0;0.5;81.2;8.0
160690000000;Hildburghausen, Kreis;17277.0;5.9;7.4;25.9;30.5;2.1;110.0;102.0;7.0;1.0;74.0;10184.0;8.0;0.3;43.8;45.0
160700000000;Ilm-Kreis;16720.0;9.1;7.5;22.9;32.5;2.3;166.0;152.0;14.0;0.0;70.0;39528.0;9.4;0.4;45.2;43.0
160710000000;Weimarer Land, Kreis;17110.0;7.6;8.0;25.0;31.9;2.0;129.0;117.0;11.0;1.0;106.0;34031.0;9.1;0.4;72.4;16.2
160720000000;Sonneberg, Kreis;17433.0;4.9;9.6;29.3;17.1;1.1;126.0;120.0;6.0;0.0;51.0;15133.0;7.3;0.3;27.8;59.9
160730000000;Saalfeld-Rudolstadt, Kreis;17018.0;8.5;9.5;26.4;30.8;2.1;167.0;158.0;9.0;0.0;87.0;23783.0;7.8;0.3;36.0;52.5
160740000000;Saale-Holzland-Kreis;17285.0;7.8;8.7;24.7;34.7;1.7;123.0;97.0;26.0;0.0;22.0;12658.0;8.4;0.4;53.1;36.0
160750000000;Saale-Orla-Kreis;16961.0;7.6;8.3;27.4;30.1;1.3;128.0;122.0;6.0;0.0;83.0;17297.0;7.0;0.3;49.2;40.4
160760000000;Greiz, Kreis;17212.0;9.2;7.5;28.6;35.3;1.4;168.0;160.0;8.0;0.0;81.0;26064.0;9.9;0.6;61.6;25.5
160770000000;Altenburger Land, Kreis;16360.0;12.2;7.6;24.8;40.8;1.8;161.0;157.0;4.0;0.0;51.0;14734.0;11.7;0.7;73.4;10.6
031000000000;Braunschweig, Stat. Region;19101.0;6.9;9.1;16.7;36.0;11.8;3816.0;3615.0;153.0;48.0;1420.0;470851.0;13.9;1.3;49.1;34.5
031520000000;Göttingen, Landkreis;19067.0;6.9;8.4;15.2;38.3;11.9;502.0;486.0;16.0;0.0;304.0;51189.0;14.6;1.4;50.1;33.9
031560000000;Osterode am Harz, Landkreis;19067.0;9.7;9.7;17.0;46.4;8.8;153.0;147.0;5.0;1.0;17.0;37790.0;10.8;0.9;30.0;56.9
031590000000;Göttingen, Landkreis;18329.0;6.9;9.8;16.9;31.6;13.2;;;;;;;13.7;0.9;60.2;21.8
032000000000;Hannover, Stat. Region;19245.0;6.9;9.7;16.2;24.7;18.5;6191.0;5811.0;334.0;46.0;3435.0;688448.0;15.5;1.3;59.9;21.4
032410010000;Hannover, Landeshauptstadt;19096.0;8.6;8.7;13.7;42.9;27.4;1875.0;1764.0;100.0;11.0;869.0;175062.0;68.6;12.5;14.2;12.1
033000000000;Lüneburg, Stat. Region;19689.0;6.9;10.5;17.4;34.5;9.8;3765.0;3508.0;219.0;38.0;1705.0;474289.0;11.3;0.7;58.6;24.3
034000000000;Weser-Ems, Stat. Region;18465.0;6.9;10.0;17.4;33.8;10.8;5914.0;5471.0;379.0;64.0;4850.0;846555.0;15.0;0.8;67.9;12.5
051000000000;Düsseldorf, Regierungsbezirk;20176.0;8.1;8.9;15.9;43.9;23.1;12199.0;11150.0;928.0;121.0;15479.0;2701853.0;33.2;3.9;46.6;15.2
053000000000;Köln, Regierungsbezirk;20159.0;8.1;10.0;15.7;42.1;22.7;9655.0;8898.0;682.0;75.0;8646.0;2762809.0;23.9;2.1;45.1;27.6
053340020000;Aachen, krfr. Stadt;18587.0;9.0;7.5;14.2;49.4;27.6;457.0;430.0;25.0;2.0;264.0;40123.0;39.3;3.3;40.2;18.5
053540000000;Aachen, Kreis;19968.0;8.1;9.5;16.2;42.7;21.0;;;;;;;22.6;1.9;49.0;25.7
055000000000;Münster, Regierungsbezirk;19002.0;8.1;10.6;15.9;41.9;17.9;4596.0;3986.0;476.0;134.0;6495.0;1001749.0;19.6;1.5;62.2;15.7
057000000000;Detmold, Regierungsbezirk;20417.0;8.1;10.3;17.3;38.7;17.1;3846.0;3414.0;381.0;51.0;5296.0;736013.0;18.4;1.3;57.4;22.4
059000000000;Arnsberg, Regierungsbezirk;19885.0;8.1;8.8;16.9;43.8;19.8;8329.0;7536.0;742.0;51.0;12232.0;1703006.0;20.2;1.3;35.9;42.1
064000000000;Darmstadt, Regierungsbezirk;21579.0;5.9;9.0;17.3;38.7;31.0;7430.0;6795.0;551.0;84.0;3403.0;1645137.0;19.5;1.5;38.1;40.0
065000000000;Gießen, Regierungsbezirk;19306.0;5.9;10.3;17.5;39.4;17.4;1796.0;1620.0;92.0;84.0;1672.0;368885.0;14.5;0.7;43.8;39.9
066000000000;Kassel, Regierungsbezirk;19059.0;5.9;10.7;20.1;34.4;13.4;2124.0;1986.0;106.0;32.0;1351.0;367165.0;12.7;0.7;44.6;40.4
071000000000;Koblenz, Stat. Region;20361.0;5.3;10.6;18.8;30.9;12.7;2956.0;2691.0;240.0;25.0;2262.0;464727.0;14.4;1.5;38.2;45.3
072000000000;Trier, Stat. Region;19842.0;5.3;12.8;19.7;25.4;9.9;792.0;689.0;67.0;36.0;415.0;101091.0;11.4;1.6;43.5;43.7
073000000000;Rheinhessen-Pfalz, Stat. Region;20553.0;5.3;10.7;17.7;33.9;17.5;3581.0;3313.0;227.0;41.0;1789.0;552864.0;16.1;2.0;45.0;36.8
081000000000;Stuttgart, Regierungsbezirk;22669.0;4.0;7.6;21.7;33.4;28.4;6244.0;5403.0;644.0;197.0;5787.0;1837246.0;16.4;1.0;50.4;31.7
082000000000;Karlsruhe, Regierungsbzirk;21311.0;4.0;8.2;19.8;32.9;23.8;4170.0;3811.0;285.0;74.0;3556.0;863745.0;16.4;1.1;36.5;44.8
083000000000;Freiburg, Regierungsbezirk;21303.0;4.0;8.2;21.0;30.4;19.6;3039.0;2611.0;315.0;113.0;3397.0;567712.0;12.0;0.7;39.8;46.2
084000000000;Tübingen, Regierungsbezirk;21579.0;4.0;9.2;21.6;30.7;20.7;2074.0;1841.0;173.0;60.0;2583.0;488963.0;12.3;0.7;53.3;32.7
091000000000;Oberbayern, Regierungsbezirk;24350.0;3.8;8.0;21.4;26.8;27.3;6050.0;5374.0;613.0;63.0;4485.0;1336176.0;11.8;0.9;46.4;34.9
092000000000;Niederbayern, Regierungsbezirk;19948.0;3.8;10.6;23.9;23.0;9.6;1486.0;1385.0;96.0;5.0;2068.0;351299.0;10.8;0.5;52.0;33.9
093000000000;Oberpfalz, Regierungsbezirk;19720.0;3.8;9.5;23.3;25.0;8.9;1433.0;1342.0;77.0;14.0;1069.0;228634.0;10.5;0.5;41.8;42.4
094000000000;Oberfranken, Regierungsbezirk;20636.0;3.8;9.0;24.3;26.2;8.7;1905.0;1819.0;83.0;3.0;1321.0;247890.0;11.7;0.7;43.5;41.3
095000000000;Mittelfranken, Regierungsbezirk;21811.0;3.8;10.1;21.1;31.2;23.8;2443.0;2248.0;169.0;26.0;4104.0;841586.0;13.4;0.9;47.9;34.4
096000000000;Unterfranken, Regierungsbezirk;20670.0;3.8;9.8;22.6;27.3;13.6;1678.0;1530.0;137.0;11.0;1997.0;311311.0;11.9;0.8;43.0;41.3
097000000000;Schwaben, Regierungsbezirk;21522.0;3.8;10.6;22.7;24.8;19.4;2900.0;2675.0;180.0;45.0;1636.0;472850.0;11.8;0.7;54.2;29.4
100411000000;Saarbrücken, Landeshauptstadt;18015.0;9.4;8.1;15.3;37.4;19.3;588.0;540.0;45.0;3.0;1248.0;164133.0;35.5;1.9;18.4;44.4
130010000000;Kreisfreie Stadt Greifswald, Hansestadt;16373.0;11.9;10.2;18.9;27.9;2.5;39.0;37.0;1.0;1.0;32.0;6240.0;40.6;6.9;44.7;9.4
130020000000;Kreisfreie Stadt Neubrandenburg, Stadt;16373.0;14.9;10.2;18.9;27.9;2.5;268.0;263.0;4.0;1.0;22.0;13306.0;32.9;9.2;22.6;10.9
130050000000;Kreisfreie Stadt Stralsund, Hansestadt;16373.0;15.5;10.2;18.9;27.9;2.5;116.0;104.0;10.0;2.0;121.0;14336.0;56.0;9.7;31.3;4.4
130060000000;Kreisfreie Stadt Wismar, Hansestadt;16373.0;14.7;10.2;18.9;27.9;2.5;77.0;73.0;3.0;1.0;90.0;11344.0;43.9;7.3;38.8;1.9
130510000000;Landkreis Bad Doberan;16373.0;9.0;10.2;18.9;27.9;2.5;174.0;159.0;13.0;2.0;43.0;21713.0;9.8;1.6;70.5;15.8
130520000000;Landkreis Demmin;16373.0;17.4;10.2;18.9;27.9;2.5;216.0;207.0;8.0;1.0;115.0;28899.0;6.4;0.7;73.4;14.0
130530000000;Landkreis Güstrow;16373.0;12.8;10.2;18.9;27.9;2.5;165.0;151.0;10.0;4.0;21.0;19384.0;6.9;0.7;69.4;17.2
130540000000;Landkreis Ludwigslust;16373.0;9.0;10.2;18.9;27.9;2.5;247.0;224.0;16.0;7.0;119.0;36088.0;7.8;1.1;59.2;29.7
130550000000;Landkreis Mecklenburg-Strelitz;16373.0;14.2;10.2;18.9;27.9;2.5;226.0;218.0;6.0;2.0;163.0;35385.0;6.0;0.8;54.5;30.7
130560000000;Landkreis Müritz;16373.0;12.7;10.2;18.9;27.9;2.5;145.0;134.0;10.0;1.0;39.0;31274.0;5.9;1.0;51.4;26.3
130570000000;Landkreis Nordvorpommern;16373.0;14.1;10.2;18.9;27.9;2.5;141.0;136.0;5.0;0.0;95.0;24280.0;7.9;1.3;67.4;19.1
130580000000;Landkreis Nordwestmecklenburg;16373.0;10.3;10.2;18.9;27.9;2.5;238.0;215.0;13.0;10.0;227.0;35740.0;7.8;1.6;72.3;13.5
130590000000;Landkreis Ostvorpommern;16373.0;13.7;10.2;18.9;27.9;2.5;65.0;63.0;2.0;0.0;109.0;24793.0;8.0;1.0;68.7;17.2
130600000000;Landkreis Parchim;16373.0;10.6;10.2;18.9;27.9;2.5;163.0;151.0;5.0;7.0;146.0;59660.0;6.7;1.2;61.1;25.7
130610000000;Landkreis Rügen;16373.0;11.7;10.2;18.9;27.9;2.5;91.0;80.0;7.0;4.0;68.0;9374.0;8.0;1.3;68.3;17.2
130620000000;Landkreis Uecker-Randow;16373.0;16.3;10.2;18.9;27.9;2.5;208.0;199.0;5.0;4.0;37.0;12316.0;7.0;1.1;49.2;30.2
141000000000;Chemnitz, Regierungsbezirk;17265.0;10.6;9.1;22.2;38.5;4.1;;;;;;;12.6;1.2;55.0;27.2
141610000000;Chemnitz, Kreisfreie Stadt;17265.0;10.6;9.1;22.2;38.5;4.1;;;;;;;12.6;1.2;55.0;27.2
141660000000;Plauen, Kreisfreie Stadt;17265.0;10.6;9.1;22.2;38.5;4.1;;;;;;;12.6;1.2;55.0;27.2
141670000000;Zwickau, Kreisfreie Stadt;17265.0;10.6;9.1;22.2;38.5;4.1;;;;;;;12.6;1.2;55.0;27.2
141710000000;Annaberg, Landkreis;17265.0;10.6;9.1;22.2;38.5;4.1;;;;;;;12.6;1.2;55.0;27.2
141730000000;Chemnitzer Land, Landkreis;17265.0;10.6;9.1;22.2;38.5;4.1;;;;;;;12.6;1.2;55.0;27.2
141770000000;Freiberg, Landkreis;17265.0;10.6;9.1;22.2;38.5;4.1;;;;;;;12.6;1.2;55.0;27.2
141780000000;Vogtlandkreis;17265.0;10.6;9.1;22.2;38.5;4.1;;;;;;;12.6;1.2;55.0;27.2
141810000000;Mittlerer Erzgebirgskreis;17265.0;10.6;9.1;22.2;38.5;4.1;;;;;;;12.6;1.2;55.0;27.2
141820000000;Mittweida, Landkreis;17265.0;10.6;9.1;22.2;38.5;4.1;;;;;;;12.6;1.2;55.0;27.2
141880000000;Stollberg, Landkreis;17265.0;10.6;9.1;22.2;38.5;4.1;;;;;;;12.6;1.2;55.0;27.2
141910000000;Aue-Schwarzenberg, Landkreis;17265.0;10.6;9.1;22.2;38.5;4.1;;;;;;;12.6;1.2;55.0;27.2
141930000000;Zwickauer Land, Landkreis;17265.0;10.6;9.1;22.2;38.5;4.1;;;;;;;12.6;1.2;55.0;27.2
142000000000;Dresden, Regierungsbezirk;17265.0;10.6;9.1;22.2;38.5;4.1;;;;;;;12.6;1.2;55.0;27.2
142620000000;Dresden, Kreisfreie Stadt;17265.0;10.6;9.1;22.2;38.5;4.1;;;;;;;12.6;1.2;55.0;27.2
142630000000;Görlitz, Kreisfreie Stadt;17265.0;10.6;9.1;22.2;38.5;4.1;;;;;;;12.6;1.2;55.0;27.2
142640000000;Hoyerswerda, Kreisfreie Stadt;17265.0;10.6;9.1;22.2;38.5;4.1;;;;;;;12.6;1.2;55.0;27.2
142720000000;Bautzen, Landkreis;17265.0;10.6;9.1;22.2;38.5;4.1;;;;;;;12.6;1.2;55.0;27.2
142800000000;Meißen, Landkreis;17265.0;10.6;9.1;22.2;38.5;4.1;;;;;;;12.6;1.2;55.0;27.2
142840000000;Niederschlesischer Oberlausitzkreis;17265.0;10.6;9.1;22.2;38.5;4.1;;;;;;;12.6;1.2;55.0;27.2
142850000000;Riesa-Großenhain, Landkreis;17265.0;10.6;9.1;22.2;38.5;4.1;;;;;;;12.6;1.2;55.0;27.2
142860000000;Löbau-Zittau, Landkreis;17265.0;10.6;9.1;22.2;38.5;4.1;;;;;;;12.6;1.2;55.0;27.2
142870000000;Sächsische Schweiz, Landkreis;17265.0;10.6;9.1;22.2;38.5;4.1;;;;;;;12.6;1.2;55.0;27.2
142900000000;Weißeritzkreis;17265.0;10.6;9.1;22.2;38.5;4.1;;;;;;;12.6;1.2;55.0;27.2
142920000000;Kamenz, Landkreis;17265.0;10.6;9.1;22.2;38.5;4.1;;;;;;;12.6;1.2;55.0;27.2
143000000000;Leipzig, Regierungsbezirk;17265.0;10.6;9.1;22.2;38.5;4.1;;;;;;;12.6;1.2;55.0;27.2
143650000000;Leipzig, Kreisfreie Stadt;17265.0;10.6;9.1;22.2;38.5;4.1;;;;;;;12.6;1.2;55.0;27.2
143740000000;Delitzsch, Landkreis;17265.0;10.6;9.1;22.2;38.5;4.1;;;;;;;12.6;1.2;55.0;27.2
143750000000;Döbeln, Landkreis;17265.0;10.6;9.1;22.2;38.5;4.1;;;;;;;12.6;1.2;55.0;27.2
143790000000;Leipziger Land, Landkreis;17265.0;10.6;9.1;22.2;38.5;4.1;;;;;;;12.6;1.2;55.0;27.2
143830000000;Muldentalkreis;17265.0;10.6;9.1;22.2;38.5;4.1;;;;;;;12.6;1.2;55.0;27.2
143890000000;Torgau-Oschatz, Landkreis;17265.0;10.6;9.1;22.2;38.5;4.1;;;;;;;12.6;1.2;55.0;27.2
145000000000;Chemnitz, NUTS 2-Region;17224.0;10.6;8.1;26.0;38.1;3.1;2739.0;2315.0;424.0;0.0;2572.0;517757.0;12.9;1.1;55.1;29.2
146000000000;Dresden, NUTS 2-Region;17282.0;10.6;9.2;21.3;38.3;3.8;2142.0;1932.0;203.0;7.0;2125.0;379766.0;11.7;1.0;51.4;30.8
147000000000;Leipzig, NUTS 2-Region;17299.0;10.6;10.3;18.7;39.1;5.7;2883.0;2495.0;373.0;15.0;1077.0;341458.0;14.0;1.9;61.8;16.8
151000000000;Dessau, Stat. Region;16595.0;11.6;9.2;19.8;35.1;2.8;;;;;;;11.0;2.6;61.7;24.5
151010000000;Dessau, Kreisfreie Stadt;16595.0;11.6;9.2;19.8;35.1;2.8;;;;;;;11.0;2.6;61.7;24.5
151510000000;Anhalt-Zerbst, Kreis;16595.0;11.6;9.2;19.8;35.1;2.8;;;;;;;11.0;2.6;61.7;24.5
151530000000;Bernburg, Kreis;16595.0;11.6;9.2;19.8;35.1;2.8;;;;;;;11.0;2.6;61.7;24.5
151540000000;Bitterfeld, Kreis;16595.0;11.6;9.2;19.8;35.1;2.8;;;;;;;11.0;2.6;61.7;24.5
151590000000;Köthen, Kreis;16595.0;11.6;9.2;19.8;35.1;2.8;;;;;;;11.0;2.6;61.7;24.5
151710000000;Wittenberg, Kreis;16595.0;11.6;9.2;19.8;35.1;2.8;;;;;;;11.0;2.6;61.7;24.5
152000000000;Halle, Stat. Region;16595.0;11.6;9.2;19.8;35.1;2.8;;;;;;;11.0;2.6;61.7;24.5
152020000000;Halle (Saale), Kreisfreie Stadt;16595.0;11.6;9.2;19.8;35.1;2.8;;;;;;;11.0;2.6;61.7;24.5
152560000000;Burgenlandkreis;16595.0;11.6;9.2;19.8;35.1;2.8;;;;;;;11.0;2.6;61.7;24.5
152600000000;Mansfelder Land, Kreis;16595.0;11.6;9.2;19.8;35.1;2.8;;;;;;;11.0;2.6;61.7;24.5
152610000000;Merseburg-Querfurt, Kreis;16595.0;11.6;9.2;19.8;35.1;2.8;;;;;;;11.0;2.6;61.7;24.5
152650000000;Saalkreis;16595.0;11.6;9.2;19.8;35.1;2.8;;;;;;;11.0;2.6;61.7;24.5
152660000000;Sangerhausen, Kreis;16595.0;11.6;9.2;19.8;35.1;2.8;;;;;;;11.0;2.6;61.7;24.5
152680000000;Weißenfels, Kreis;16595.0;11.6;9.2;19.8;35.1;2.8;;;;;;;11.0;2.6;61.7;24.5
153000000000;Magdeburg, Stat. Region;16595.0;11.6;9.2;19.8;35.1;2.8;;;;;;;11.0;2.6;61.7;24.5
153030000000;Magdeburg, Kreisfreie Stadt;16595.0;11.6;9.2;19.8;35.1;2.8;;;;;;;11.0;2.6;61.7;24.5
153520000000;Aschersleben-Staßfurt, Kreis;16595.0;11.6;9.2;19.8;35.1;2.8;;;;;;;11.0;2.6;61.7;24.5
153550000000;Bördekreis;16595.0;11.6;9.2;19.8;35.1;2.8;;;;;;;11.0;2.6;61.7;24.5
153570000000;Halberstadt, Kreis;16595.0;11.6;9.2;19.8;35.1;2.8;;;;;;;11.0;2.6;61.7;24.5
153580000000;Jerichower Land, Kreis;16595.0;11.6;9.2;19.8;35.1;2.8;;;;;;;11.0;2.6;61.7;24.5
153620000000;Ohrekreis;16595.0;11.6;9.2;19.8;35.1;2.8;;;;;;;11.0;2.6;61.7;24.5
153630000000;Stendal, Kreis;16595.0;11.6;9.2;19.8;35.1;2.8;;;;;;;11.0;2.6;61.7;24.5
153640000000;Quedlinburg, Kreis;16595.0;11.6;9.2;19.8;35.1;2.8;;;;;;;11.0;2.6;61.7;24.5
153670000000;Schönebeck, Kreis;16595.0;11.6;9.2;19.8;35.1;2.8;;;;;;;11.0;2.6;61.7;24.5
153690000000;Wernigerode, Kreis;16595.0;11.6;9.2;19.8;35.1;2.8;;;;;;;11.0;2.6;61.7;24.5
153700000000;Altmarkkreis Salzwedel, Kreis;16595.0;11.6;9.2;19.8;35.1;2.8;;;;;;;11.0;2.6;61.7;24.5
